AverageFloorArea,Year/Quarter,Property Type,EnergyUseAveragePerDwelling
14.0,1,5,356.0
14.0,4,1,468.0
19.0,1,4,375.0
20.0,1,1,464.5
20.0,1,2,366.0
20.0,4,1,485.0
20.0,4,4,312.0
22.0,2,5,475.0
22.0,3,5,451.0
23.0,2,5,408.0
24.0,1,5,125.0
24.0,3,4,407.0
25.0,1,4,268.0
25.0,1,5,470.0
25.0,2,1,358.0
25.0,2,5,458.0
26.0,1,1,373.0
26.0,1,5,334.0
27.0,1,5,396.0
27.0,2,5,434.5
27.0,3,2,359.0
27.0,3,5,472.0
27.0,4,2,358.0
27.0,4,5,258.0
28.0,1,1,440.0
28.0,1,5,357.0
28.0,2,5,381.0
28.0,3,1,442.0
28.0,3,4,441.0
28.0,4,1,380.0
28.0,4,2,306.0
28.0,4,5,295.0
29.0,1,2,232.0
29.0,1,5,445.0
29.0,2,1,272.0
29.0,4,5,319.0
30.0,1,4,289.0
30.0,1,5,433.3333333333333
30.0,2,5,449.0
30.0,3,2,287.0
30.0,3,5,273.0
30.0,4,5,277.0
31.0,1,2,315.0
31.0,1,5,299.5
31.0,2,1,330.0
31.0,2,5,408.0
31.0,3,1,449.0
31.0,3,5,428.0
31.0,4,1,364.5
31.0,4,5,303.0
32.0,1,1,417.0
32.0,1,5,365.0
32.0,2,1,457.0
32.0,2,2,434.0
32.0,2,4,326.6666666666667
32.0,2,5,329.5
32.0,3,1,355.6666666666667
32.0,3,5,388.3333333333333
32.0,4,5,363.6666666666667
33.0,1,1,330.0
33.0,1,2,302.0
33.0,1,4,298.3333333333333
33.0,1,5,328.25
33.0,2,1,457.0
33.0,2,5,356.75
33.0,3,2,113.0
33.0,3,4,198.0
33.0,3,5,340.6666666666667
33.0,4,5,387.0
34.0,1,4,268.0
34.0,1,5,386.0
34.0,2,5,452.0
34.0,3,4,330.0
34.0,3,5,342.3333333333333
34.0,4,1,233.0
34.0,4,4,328.0
34.0,4,5,435.0
35.0,1,5,312.1666666666667
35.0,2,1,280.0
35.0,2,4,380.5
35.0,2,5,361.0
35.0,3,1,255.0
35.0,3,5,261.0
35.0,4,2,307.0
35.0,4,4,181.0
35.0,4,5,255.0
36.0,1,1,481.0
36.0,1,2,308.0
36.0,1,4,217.0
36.0,1,5,406.1666666666667
36.0,2,1,369.0
36.0,2,4,418.3333333333333
36.0,2,5,352.5
36.0,3,1,470.0
36.0,3,2,366.0
36.0,3,4,337.0
36.0,3,5,325.25
36.0,4,1,396.0
36.0,4,2,470.0
36.0,4,5,438.0
37.0,1,1,426.5
37.0,1,4,290.0
37.0,1,5,306.57142857142856
37.0,2,1,365.0
37.0,2,2,451.0
37.0,2,4,301.75
37.0,2,5,262.5
37.0,3,1,273.0
37.0,3,2,323.0
37.0,3,4,293.0
37.0,3,5,368.1666666666667
37.0,4,4,229.0
37.0,4,5,310.75
38.0,1,1,254.0
38.0,1,4,413.0
38.0,1,5,336.5
38.0,2,2,294.5
38.0,2,4,261.0
38.0,2,5,359.7142857142857
38.0,3,2,289.0
38.0,3,4,351.4
38.0,3,5,334.0
38.0,4,1,338.0
38.0,4,2,317.5
38.0,4,4,202.5
38.0,4,5,355.4
39.0,1,2,414.0
39.0,1,5,395.0
39.0,2,4,387.0
39.0,2,5,391.8333333333333
39.0,3,1,352.0
39.0,3,2,426.0
39.0,3,4,367.0
39.0,3,5,370.2857142857143
39.0,4,1,407.0
39.0,4,2,359.5
39.0,4,4,284.25
39.0,4,5,391.0
40.0,1,1,486.0
40.0,1,2,206.0
40.0,1,4,415.6666666666667
40.0,1,5,340.2
40.0,2,1,303.0
40.0,2,2,325.0
40.0,2,3,411.0
40.0,2,4,291.5
40.0,2,5,404.8333333333333
40.0,3,1,423.5
40.0,3,4,427.5
40.0,3,5,379.625
40.0,4,1,279.0
40.0,4,2,362.0
40.0,4,4,416.3333333333333
40.0,4,5,308.3333333333333
41.0,1,1,376.0
41.0,1,4,352.3333333333333
41.0,1,5,326.75
41.0,2,2,319.0
41.0,2,4,298.0
41.0,2,5,327.75
41.0,3,1,368.6666666666667
41.0,3,2,446.0
41.0,3,4,327.0
41.0,3,5,388.125
41.0,4,2,313.75
41.0,4,4,292.4
41.0,4,5,325.1666666666667
42.0,1,1,382.5
42.0,1,2,320.0
42.0,1,4,368.0
42.0,1,5,359.77777777777777
42.0,2,2,378.0
42.0,2,4,291.25
42.0,2,5,318.85714285714283
42.0,3,1,355.25
42.0,3,2,327.25
42.0,3,4,346.6666666666667
42.0,3,5,309.6666666666667
42.0,4,1,344.0
42.0,4,2,316.3333333333333
42.0,4,4,336.1818181818182
42.0,4,5,333.57142857142856
43.0,1,1,342.5
43.0,1,2,357.3333333333333
43.0,1,4,371.8
43.0,1,5,328.1818181818182
43.0,2,1,350.0
43.0,2,2,358.3333333333333
43.0,2,4,345.25
43.0,2,5,281.0
43.0,3,1,387.0
43.0,3,2,277.75
43.0,3,4,354.0
43.0,3,5,300.2857142857143
43.0,4,1,390.0
43.0,4,2,322.2857142857143
43.0,4,4,371.875
43.0,4,5,377.5
44.0,1,1,326.75
44.0,1,2,318.2307692307692
44.0,1,4,345.5
44.0,1,5,339.0
44.0,2,1,373.5
44.0,2,2,365.3333333333333
44.0,2,4,300.8333333333333
44.0,2,5,389.85714285714283
44.0,3,1,408.0
44.0,3,2,313.53846153846155
44.0,3,4,349.5
44.0,3,5,373.2
44.0,4,1,324.0
44.0,4,2,331.2
44.0,4,4,345.6666666666667
44.0,4,5,338.0
45.0,1,1,308.0
45.0,1,2,356.45
45.0,1,4,344.55555555555554
45.0,1,5,337.25
45.0,2,1,272.0
45.0,2,2,322.10526315789474
45.0,2,4,293.8
45.0,2,5,354.0
45.0,3,1,337.0
45.0,3,2,323.09090909090907
45.0,3,4,297.8333333333333
45.0,3,5,366.5
45.0,4,1,298.6666666666667
45.0,4,2,327.04
45.0,4,4,312.5
45.0,4,5,304.0
46.0,1,1,332.875
46.0,1,2,327.94871794871796
46.0,1,3,471.0
46.0,1,4,291.6666666666667
46.0,1,5,375.6363636363636
46.0,2,1,305.5
46.0,2,2,319.258064516129
46.0,2,4,342.90909090909093
46.0,2,5,349.8181818181818
46.0,3,1,325.0
46.0,3,2,328.6470588235294
46.0,3,4,282.7142857142857
46.0,3,5,337.0
46.0,4,1,331.5
46.0,4,2,315.7560975609756
46.0,4,3,325.0
46.0,4,4,367.1875
46.0,4,5,336.875
47.0,1,1,298.8
47.0,1,2,310.27272727272725
47.0,1,4,307.0
47.0,1,5,345.0
47.0,2,1,286.0
47.0,2,2,317.6923076923077
47.0,2,4,333.6875
47.0,2,5,308.7142857142857
47.0,3,1,302.6666666666667
47.0,3,2,330.5208333333333
47.0,3,4,312.4117647058824
47.0,3,5,332.2857142857143
47.0,4,1,354.0
47.0,4,2,316.9655172413793
47.0,4,4,344.9166666666667
47.0,4,5,328.0
48.0,1,1,330.6666666666667
48.0,1,2,311.11764705882354
48.0,1,4,291.8421052631579
48.0,1,5,318.84615384615387
48.0,2,1,339.4
48.0,2,2,312.0281690140845
48.0,2,4,287.25
48.0,2,5,356.1666666666667
48.0,3,1,349.5
48.0,3,2,309.82089552238807
48.0,3,4,327.36842105263156
48.0,3,5,367.14285714285717
48.0,4,1,295.1
48.0,4,2,325.6931818181818
48.0,4,4,290.7647058823529
48.0,4,5,313.7142857142857
49.0,1,1,328.75
49.0,1,2,316.48
49.0,1,4,310.0
49.0,1,5,315.0
49.0,2,1,319.2
49.0,2,2,307.12280701754383
49.0,2,4,315.2068965517241
49.0,2,5,360.4
49.0,3,1,315.25
49.0,3,2,298.90983606557376
49.0,3,4,271.8888888888889
49.0,3,5,314.22222222222223
49.0,4,1,326.0
49.0,4,2,305.08029197080293
49.0,4,3,299.0
49.0,4,4,303.45454545454544
49.0,4,5,392.125
50.0,1,1,332.2857142857143
50.0,1,2,303.22026431718064
50.0,1,4,315.64285714285717
50.0,1,5,302.8333333333333
50.0,2,1,314.4
50.0,2,2,303.52972972972975
50.0,2,4,337.76666666666665
50.0,2,5,302.0
50.0,3,1,294.0
50.0,3,2,295.3255813953488
50.0,3,4,293.7391304347826
50.0,3,5,312.93333333333334
50.0,4,1,337.22222222222223
50.0,4,2,303.900826446281
50.0,4,4,305.1333333333333
50.0,4,5,340.84615384615387
51.0,1,1,298.1666666666667
51.0,1,2,303.14589665653494
51.0,1,4,314.06976744186045
51.0,1,5,342.2
51.0,2,1,285.44444444444446
51.0,2,2,301.7282608695652
51.0,2,4,317.8205128205128
51.0,2,5,308.4
51.0,3,1,303.2
51.0,3,2,290.11811023622045
51.0,3,4,309.03125
51.0,3,5,392.7
51.0,4,1,283.14285714285717
51.0,4,2,302.5617283950617
51.0,4,4,320.27906976744185
51.0,4,5,336.1666666666667
52.0,1,1,360.8888888888889
52.0,1,2,296.0698924731183
52.0,1,4,326.7659574468085
52.0,1,5,328.875
52.0,2,1,345.625
52.0,2,2,293.1580459770115
52.0,2,4,293.77777777777777
52.0,2,5,317.6666666666667
52.0,3,1,297.0
52.0,3,2,292.0851735015773
52.0,3,4,322.56140350877195
52.0,3,5,329.8888888888889
52.0,4,1,321.9375
52.0,4,2,294.04010025062655
52.0,4,4,295.1290322580645
52.0,4,5,329.3333333333333
53.0,1,1,311.4117647058824
53.0,1,2,297.56689342403627
53.0,1,4,320.7945205479452
53.0,1,5,313.2857142857143
53.0,2,1,311.75
53.0,2,2,291.5113924050633
53.0,2,4,301.33846153846156
53.0,2,5,296.1111111111111
53.0,3,1,345.1818181818182
53.0,3,2,284.7094430992736
53.0,3,4,312.36170212765956
53.0,3,5,239.6
53.0,4,1,328.15384615384613
53.0,4,2,294.9252336448598
53.0,4,4,296.81081081081084
53.0,4,5,333.14285714285717
54.0,1,1,312.9230769230769
54.0,1,2,293.36960985626285
54.0,1,4,302.05970149253733
54.0,1,5,305.42857142857144
54.0,2,1,324.0
54.0,2,2,293.234693877551
54.0,2,4,302.69736842105266
54.0,2,5,316.72727272727275
54.0,3,1,308.45454545454544
54.0,3,2,287.19554455445547
54.0,3,4,290.4852941176471
54.0,3,5,343.0833333333333
54.0,4,1,336.77777777777777
54.0,4,2,289.8486140724947
54.0,4,4,298.575
54.0,4,5,337.2857142857143
55.0,1,1,349.45454545454544
55.0,1,2,294.7390243902439
55.0,1,4,303.95959595959596
55.0,1,5,368.6
55.0,2,1,310.06666666666666
55.0,2,2,288.17874396135267
55.0,2,4,306.92753623188406
55.0,2,5,313.75
55.0,3,1,315.7
55.0,3,2,286.12857142857143
55.0,3,4,300.7142857142857
55.0,3,5,340.1111111111111
55.0,4,1,305.85
55.0,4,2,292.7325581395349
55.0,4,4,305.4
55.0,4,5,367.6666666666667
56.0,1,1,297.72727272727275
56.0,1,2,291.9236842105263
56.0,1,4,312.51020408163265
56.0,1,5,311.09090909090907
56.0,2,1,320.625
56.0,2,2,285.73668639053255
56.0,2,4,303.8484848484849
56.0,2,5,325.72727272727275
56.0,3,1,311.3157894736842
56.0,3,2,289.02785515320335
56.0,3,4,302.2
56.0,3,5,314.1818181818182
56.0,4,1,318.82142857142856
56.0,4,2,290.72474747474746
56.0,4,4,321.33009708737865
56.0,4,5,272.8
57.0,1,1,325.72
57.0,1,2,295.99680511182106
57.0,1,4,307.77884615384613
57.0,1,5,311.10526315789474
57.0,2,1,296.57142857142856
57.0,2,2,286.66881028938906
57.0,2,4,301.1443298969072
57.0,2,5,325.75
57.0,3,1,270.75
57.0,3,2,283.13529411764705
57.0,3,4,307.36082474226805
57.0,3,5,291.75
57.0,4,1,294.56666666666666
57.0,4,2,286.66326530612247
57.0,4,4,306.43564356435644
57.0,4,5,322.3
58.0,1,1,316.96
58.0,1,2,290.9794238683128
58.0,1,3,221.0
58.0,1,4,314.04587155963304
58.0,1,5,288.4166666666667
58.0,2,1,301.9166666666667
58.0,2,2,292.9117647058824
58.0,2,4,295.10377358490564
58.0,2,5,302.2
58.0,3,1,307.09090909090907
58.0,3,2,286.5375494071146
58.0,3,4,303.16911764705884
58.0,3,5,270.1
58.0,4,1,309.5483870967742
58.0,4,2,284.1377952755906
58.0,4,4,304.504
58.0,4,5,322.6666666666667
59.0,1,1,314.09090909090907
59.0,1,2,287.39303482587064
59.0,1,4,305.48091603053433
59.0,1,5,314.4166666666667
59.0,2,1,322.6470588235294
59.0,2,2,292.2598039215686
59.0,2,4,300.93548387096774
59.0,2,5,287.1818181818182
59.0,3,1,318.42857142857144
59.0,3,2,289.52314814814815
59.0,3,4,296.9142857142857
59.0,3,5,373.0
59.0,4,1,308.46875
59.0,4,2,287.51485148514854
59.0,4,4,301.94262295081967
59.0,4,5,298.1333333333333
60.0,1,1,329.18918918918916
60.0,1,2,297.15337423312883
60.0,1,4,311.3636363636364
60.0,1,5,301.7692307692308
60.0,2,1,326.0
60.0,2,2,283.04938271604937
60.0,2,4,296.9153846153846
60.0,2,5,300.72727272727275
60.0,3,1,317.85714285714283
60.0,3,2,281.87951807228916
60.0,3,4,291.5673076923077
60.0,3,5,282.25
60.0,4,1,321.1454545454545
60.0,4,2,288.4868421052632
60.0,4,4,298.93798449612405
60.0,4,5,318.3333333333333
61.0,1,1,321.9111111111111
61.0,1,2,291.2843137254902
61.0,1,4,307.1265060240964
61.0,1,5,277.1333333333333
61.0,2,1,310.7037037037037
61.0,2,2,287.6938775510204
61.0,2,4,301.0962962962963
61.0,2,5,319.3333333333333
61.0,3,1,308.95454545454544
61.0,3,2,284.5692307692308
61.0,3,4,298.94690265486724
61.0,3,5,311.6
61.0,4,1,325.96774193548384
61.0,4,2,288.7920792079208
61.0,4,4,302.08088235294116
61.0,4,5,260.5
62.0,1,1,307.48148148148147
62.0,1,2,287.9375
62.0,1,4,299.3176470588235
62.0,1,5,307.55555555555554
62.0,2,1,313.2
62.0,2,2,292.49107142857144
62.0,2,4,290.85074626865674
62.0,2,5,261.8
62.0,3,1,326.97058823529414
62.0,3,2,282.280487804878
62.0,3,4,293.2631578947368
62.0,3,5,290.3333333333333
62.0,4,1,317.4047619047619
62.0,4,2,283.6272727272727
62.0,4,4,296.1445086705202
62.0,4,5,283.55555555555554
63.0,1,1,311.4186046511628
63.0,1,2,294.02
63.0,1,4,308.136690647482
63.0,1,5,292.3
63.0,2,1,315.74285714285713
63.0,2,2,291.55
63.0,2,4,301.7748344370861
63.0,2,5,323.6666666666667
63.0,3,1,308.93939393939394
63.0,3,2,291.18055555555554
63.0,3,4,288.73426573426576
63.0,3,5,296.3636363636364
63.0,4,1,306.6326530612245
63.0,4,2,300.1774193548387
63.0,4,4,301.172131147541
63.0,4,5,304.8888888888889
64.0,1,1,313.3048780487805
64.0,1,2,286.6938775510204
64.0,1,4,299.0
64.0,1,5,308.0
64.0,2,1,320.6744186046512
64.0,2,2,302.44444444444446
64.0,2,3,284.0
64.0,2,4,297.7793103448276
64.0,2,5,323.1875
64.0,3,1,300.74468085106383
64.0,3,2,285.96363636363634
64.0,3,4,294.7515923566879
64.0,3,5,305.6666666666667
64.0,4,1,315.36764705882354
64.0,4,2,290.1694915254237
64.0,4,4,308.6900584795322
64.0,4,5,269.6
65.0,1,1,308.35526315789474
65.0,1,2,309.97058823529414
65.0,1,4,301.40372670807454
65.0,1,5,314.2
65.0,2,1,312.6
65.0,2,2,289.77777777777777
65.0,2,4,294.94736842105266
65.0,2,5,306.6666666666667
65.0,3,1,309.4468085106383
65.0,3,2,299.04651162790697
65.0,3,3,462.0
65.0,3,4,295.2720588235294
65.0,3,5,296.625
65.0,4,1,312.84615384615387
65.0,4,2,304.3529411764706
65.0,4,4,308.03521126760563
65.0,4,5,301.6363636363636
66.0,1,1,306.9156626506024
66.0,1,2,297.0
66.0,1,4,295.2173913043478
66.0,1,5,281.2
66.0,2,1,321.2391304347826
66.0,2,2,287.53125
66.0,2,4,303.10625
66.0,2,5,241.0
66.0,3,1,306.46153846153845
66.0,3,2,277.8
66.0,3,4,295.50943396226415
66.0,3,5,325.0
66.0,4,1,317.3855421686747
66.0,4,2,297.6190476190476
66.0,4,4,295.24050632911394
66.0,4,5,307.25
67.0,1,1,311.03370786516854
67.0,1,2,293.9230769230769
67.0,1,4,297.84313725490193
67.0,1,5,263.0
67.0,2,1,312.4927536231884
67.0,2,2,295.3
67.0,2,4,295.3492063492063
67.0,2,5,271.2857142857143
67.0,3,1,311.8169014084507
67.0,3,2,288.2173913043478
67.0,3,4,294.7911392405063
67.0,3,5,302.5
67.0,4,1,312.66279069767444
67.0,4,2,276.3333333333333
67.0,4,3,355.0
67.0,4,4,288.5
67.0,4,5,240.33333333333334
68.0,1,1,322.1684210526316
68.0,1,2,297.0
68.0,1,4,286.41714285714284
68.0,1,5,275.3
68.0,2,1,316.7088607594937
68.0,2,2,283.15
68.0,2,4,295.7692307692308
68.0,2,5,293.7142857142857
68.0,3,1,308.4418604651163
68.0,3,2,290.46153846153845
68.0,3,4,287.0
68.0,3,5,264.1111111111111
68.0,4,1,308.43
68.0,4,2,298.92857142857144
68.0,4,4,291.7908496732026
68.0,4,5,266.90909090909093
69.0,1,1,311.83
69.0,1,2,288.7692307692308
69.0,1,3,390.0
69.0,1,4,299.41059602649005
69.0,1,5,330.0
69.0,2,1,301.1159420289855
69.0,2,2,288.875
69.0,2,4,287.43650793650795
69.0,2,5,291.6666666666667
69.0,3,1,301.3333333333333
69.0,3,2,274.5
69.0,3,4,288.37404580152673
69.0,3,5,230.75
69.0,4,1,317.05555555555554
69.0,4,2,282.75
69.0,4,4,298.5098039215686
69.0,4,5,241.6
70.0,1,1,311.6380952380952
70.0,1,2,309.4
70.0,1,4,296.3658536585366
70.0,1,5,295.0
70.0,2,1,311.4845360824742
70.0,2,2,297.8333333333333
70.0,2,4,300.6830985915493
70.0,2,5,279.0833333333333
70.0,3,1,301.4404761904762
70.0,3,2,282.625
70.0,3,4,285.12
70.0,3,5,289.0
70.0,4,1,303.3693693693694
70.0,4,2,279.6666666666667
70.0,4,4,290.93939393939394
70.0,4,5,251.125
71.0,1,1,314.06666666666666
71.0,1,2,302.42857142857144
71.0,1,4,298.73228346456693
71.0,1,5,264.9
71.0,2,1,311.3775510204082
71.0,2,2,296.55555555555554
71.0,2,4,288.9469696969697
71.0,2,5,279.25
71.0,3,1,317.4567901234568
71.0,3,2,259.3333333333333
71.0,3,4,283.6185567010309
71.0,3,5,253.375
71.0,4,1,317.5963302752294
71.0,4,2,283.6666666666667
71.0,4,4,293.352
71.0,4,5,260.25
72.0,1,1,315.98130841121497
72.0,1,2,276.3333333333333
72.0,1,4,296.9714285714286
72.0,1,5,300.64285714285717
72.0,2,1,307.4339622641509
72.0,2,2,336.5
72.0,2,4,283.7642276422764
72.0,2,5,274.25
72.0,3,1,303.09
72.0,3,2,312.2857142857143
72.0,3,3,367.0
72.0,3,4,282.07272727272726
72.0,3,5,268.0
72.0,4,1,313.0357142857143
72.0,4,2,323.2
72.0,4,4,294.0075187969925
72.0,4,5,259.0
73.0,1,1,315.294964028777
73.0,1,2,316.0
73.0,1,4,290.8898305084746
73.0,1,5,261.6666666666667
73.0,2,1,309.87628865979383
73.0,2,2,326.5
73.0,2,4,299.09574468085106
73.0,2,5,344.4
73.0,3,1,306.25555555555553
73.0,3,2,339.2
73.0,3,4,286.0326086956522
73.0,3,5,238.55555555555554
73.0,4,1,322.5982142857143
73.0,4,2,295.0
73.0,4,4,297.5853658536585
73.0,4,5,284.25
74.0,1,1,317.978102189781
74.0,1,2,292.3333333333333
74.0,1,4,284.5576923076923
74.0,1,5,257.6666666666667
74.0,2,1,314.4065934065934
74.0,2,2,274.0
74.0,2,4,286.77659574468083
74.0,2,5,267.0
74.0,3,1,305.5
74.0,3,2,157.0
74.0,3,3,451.0
74.0,3,4,285.9145299145299
74.0,3,5,295.0
74.0,4,1,311.7278106508876
74.0,4,2,269.2
74.0,4,4,281.59016393442624
74.0,4,5,295.8333333333333
75.0,1,1,314.59090909090907
75.0,1,4,287.6732673267327
75.0,1,5,263.0
75.0,2,1,317.9741379310345
75.0,2,2,307.3333333333333
75.0,2,4,297.8404255319149
75.0,2,5,286.5
75.0,3,1,302.52127659574467
75.0,3,2,274.6666666666667
75.0,3,4,284.2631578947368
75.0,3,5,288.5
75.0,4,1,314.0191082802548
75.0,4,2,368.0
75.0,4,3,288.0
75.0,4,4,273.58415841584156
75.0,4,5,262.5
76.0,1,1,315.2738853503185
76.0,1,2,292.0
76.0,1,4,302.3703703703704
76.0,1,5,287.3333333333333
76.0,2,1,315.9549549549549
76.0,2,2,301.0
76.0,2,4,276.4767441860465
76.0,2,5,369.5
76.0,3,1,306.58088235294116
76.0,3,2,313.0
76.0,3,3,447.0
76.0,3,4,285.97752808988764
76.0,3,5,243.5
76.0,4,1,319.5531914893617
76.0,4,2,247.0
76.0,4,4,285.3448275862069
76.0,4,5,217.75
77.0,1,1,317.3588235294118
77.0,1,2,454.0
77.0,1,3,306.0
77.0,1,4,298.2151898734177
77.0,1,5,286.3333333333333
77.0,2,1,306.1397058823529
77.0,2,4,295.5625
77.0,2,5,260.0
77.0,3,1,316.05426356589146
77.0,3,2,221.0
77.0,3,4,292.0689655172414
77.0,4,1,314.22463768115944
77.0,4,2,237.0
77.0,4,3,339.0
77.0,4,4,289.43
77.0,4,5,256.5
78.0,1,1,315.90384615384613
78.0,1,2,291.0
78.0,1,3,323.0
78.0,1,4,280.73118279569894
78.0,2,1,313.0859375
78.0,2,2,312.0
78.0,2,3,274.5
78.0,2,4,293.66153846153844
78.0,2,5,414.0
78.0,3,1,308.35849056603774
78.0,3,4,282.3375
78.0,3,5,254.66666666666666
78.0,4,1,322.42
78.0,4,2,291.0
78.0,4,3,314.0
78.0,4,4,286.8494623655914
78.0,4,5,231.0
79.0,1,1,321.3290322580645
79.0,1,3,314.4
79.0,1,4,289.5810810810811
79.0,1,5,300.0
79.0,2,1,311.7112676056338
79.0,2,2,299.0
79.0,2,3,313.5
79.0,2,4,298.7894736842105
79.0,2,5,237.5
79.0,3,1,315.40458015267177
79.0,3,2,266.5
79.0,3,3,307.0
79.0,3,4,278.8235294117647
79.0,3,5,260.25
79.0,4,1,315.1322314049587
79.0,4,2,444.0
79.0,4,3,279.0
79.0,4,4,289.6578947368421
79.0,4,5,204.0
80.0,1,1,321.1870503597122
80.0,1,3,318.8
80.0,1,4,280.06976744186045
80.0,1,5,287.75
80.0,2,1,317.56390977443607
80.0,2,3,285.5
80.0,2,4,276.8488372093023
80.0,2,5,249.25
80.0,3,1,304.2013888888889
80.0,3,2,288.5
80.0,3,3,285.0
80.0,3,4,285.12987012987014
80.0,3,5,219.33333333333334
80.0,4,1,313.06493506493507
80.0,4,2,316.0
80.0,4,3,271.5
80.0,4,4,286.19736842105266
80.0,4,5,285.0
81.0,1,1,317.8092105263158
81.0,1,3,297.1111111111111
81.0,1,4,291.4533333333333
81.0,1,5,202.5
81.0,2,1,309.8322580645161
81.0,2,3,280.3333333333333
81.0,2,4,285.2162162162162
81.0,2,5,227.0
81.0,3,1,312.5592105263158
81.0,3,3,267.0
81.0,3,4,284.9846153846154
81.0,3,5,283.6666666666667
81.0,4,1,318.81290322580645
81.0,4,2,363.0
81.0,4,3,301.4
81.0,4,4,287.32876712328766
81.0,4,5,223.0
82.0,1,1,318.4485294117647
82.0,1,2,262.0
82.0,1,3,273.5
82.0,1,4,296.910447761194
82.0,1,5,253.5
82.0,2,1,312.90845070422534
82.0,2,3,304.0
82.0,2,4,281.94642857142856
82.0,2,5,210.5
82.0,3,1,307.3525179856115
82.0,3,2,306.0
82.0,3,3,284.2857142857143
82.0,3,4,286.75757575757575
82.0,3,5,218.66666666666666
82.0,4,1,314.0131578947368
82.0,4,3,291.6
82.0,4,4,278.80882352941177
82.0,4,5,288.5
83.0,1,1,313.43589743589746
83.0,1,3,283.47058823529414
83.0,1,4,285.5409836065574
83.0,1,5,216.66666666666666
83.0,2,1,310.06976744186045
83.0,2,3,282.7
83.0,2,4,294.7037037037037
83.0,2,5,290.6666666666667
83.0,3,1,305.83660130718954
83.0,3,3,285.2857142857143
83.0,3,4,277.22222222222223
83.0,3,5,313.0
83.0,4,1,317.42857142857144
83.0,4,2,302.0
83.0,4,3,292.3333333333333
83.0,4,4,284.2142857142857
83.0,4,5,225.0
84.0,1,1,311.6145251396648
84.0,1,3,290.3333333333333
84.0,1,4,281.55
84.0,1,5,267.25
84.0,2,1,310.841059602649
84.0,2,3,292.0
84.0,2,4,284.0408163265306
84.0,2,5,177.0
84.0,3,1,311.0064102564103
84.0,3,3,279.8125
84.0,3,4,286.78333333333336
84.0,3,5,209.33333333333334
84.0,4,1,314.96363636363634
84.0,4,3,279.42857142857144
84.0,4,4,293.3448275862069
84.0,4,5,235.0
85.0,1,1,311.69565217391306
85.0,1,3,283.36842105263156
85.0,1,4,273.6727272727273
85.0,2,1,313.42962962962963
85.0,2,3,289.3103448275862
85.0,2,4,295.55555555555554
85.0,2,5,361.5
85.0,3,1,302.3741496598639
85.0,3,3,284.57894736842104
85.0,3,4,287.94
85.0,3,5,248.66666666666666
85.0,4,1,311.7142857142857
85.0,4,2,350.0
85.0,4,3,285.4878048780488
85.0,4,4,289.3142857142857
85.0,4,5,194.5
86.0,1,1,318.9323308270677
86.0,1,3,280.7826086956522
86.0,1,4,298.0208333333333
86.0,1,5,319.0
86.0,2,1,303.41059602649005
86.0,2,2,479.0
86.0,2,3,273.0
86.0,2,4,281.9347826086956
86.0,3,1,307.09493670886076
86.0,3,3,283.7692307692308
86.0,3,4,261.89473684210526
86.0,3,5,257.0
86.0,4,1,307.021897810219
86.0,4,2,300.0
86.0,4,3,285.13461538461536
86.0,4,4,293.7111111111111
86.0,4,5,478.0
87.0,1,1,309.55384615384617
87.0,1,3,290.5344827586207
87.0,1,4,283.9
87.0,1,5,300.0
87.0,2,1,295.9555555555556
87.0,2,3,276.79487179487177
87.0,2,4,269.54285714285714
87.0,2,5,243.0
87.0,3,1,297.32835820895525
87.0,3,3,273.3018867924528
87.0,3,4,293.7142857142857
87.0,3,5,153.0
87.0,4,1,314.66386554621846
87.0,4,3,284.25
87.0,4,4,299.3235294117647
88.0,1,1,303.929203539823
88.0,1,3,278.2470588235294
88.0,1,4,292.8888888888889
88.0,1,5,230.5
88.0,2,1,302.52666666666664
88.0,2,3,268.5285714285714
88.0,2,4,289.60526315789474
88.0,3,1,304.68275862068964
88.0,3,3,272.24074074074076
88.0,3,4,292.85714285714283
88.0,3,5,346.0
88.0,4,1,308.12931034482756
88.0,4,3,287.4175824175824
88.0,4,4,287.96
88.0,4,5,432.0
89.0,1,1,303.6326530612245
89.0,1,2,328.0
89.0,1,3,287.8705882352941
89.0,1,4,310.96875
89.0,2,1,303.97744360902254
89.0,2,3,278.109375
89.0,2,4,278.258064516129
89.0,2,5,170.0
89.0,3,1,304.4491525423729
89.0,3,3,283.203125
89.0,3,4,273.22222222222223
89.0,4,1,302.60169491525426
89.0,4,3,278.7906976744186
89.0,4,4,320.1842105263158
89.0,4,5,189.66666666666666
90.0,1,1,309.63793103448273
90.0,1,3,272.5529411764706
90.0,1,4,295.969696969697
90.0,1,5,220.25
90.0,2,1,297.51145038167937
90.0,2,3,280.6231884057971
90.0,2,4,308.2647058823529
90.0,2,5,209.0
90.0,3,1,295.80645161290323
90.0,3,3,270.5
90.0,3,4,282.7
90.0,3,5,340.25
90.0,4,1,307.58620689655174
90.0,4,2,375.0
90.0,4,3,278.85820895522386
90.0,4,4,312.76666666666665
91.0,1,1,308.030303030303
91.0,1,3,282.01869158878503
91.0,1,4,284.85185185185185
91.0,1,5,196.0
91.0,2,1,299.65811965811963
91.0,2,3,281.4878048780488
91.0,2,4,291.2173913043478
91.0,3,1,297.0412371134021
91.0,3,3,274.6842105263158
91.0,3,4,309.15384615384613
91.0,4,1,310.7888888888889
91.0,4,3,278.5204081632653
91.0,4,4,306.93333333333334
91.0,4,5,427.0
92.0,1,1,307.8910891089109
92.0,1,3,280.375
92.0,1,4,302.8333333333333
92.0,2,1,304.15625
92.0,2,3,274.68918918918916
92.0,2,4,304.8695652173913
92.0,2,5,217.0
92.0,3,1,294.6831683168317
92.0,3,3,274.62886597938143
92.0,3,4,320.72222222222223
92.0,4,1,309.0736842105263
92.0,4,3,279.49122807017545
92.0,4,4,330.92857142857144
93.0,1,1,308.65934065934067
93.0,1,3,287.85714285714283
93.0,1,4,303.3809523809524
93.0,1,5,303.0
93.0,2,1,296.3333333333333
93.0,2,3,286.2988505747126
93.0,2,4,292.05882352941177
93.0,2,5,303.0
93.0,3,1,295.5473684210526
93.0,3,3,281.27710843373495
93.0,3,4,304.8695652173913
93.0,4,1,308.07042253521126
93.0,4,3,281.8264462809917
93.0,4,4,302.3333333333333
93.0,4,5,216.0
94.0,1,1,304.79661016949154
94.0,1,3,280.6101694915254
94.0,1,4,307.6774193548387
94.0,2,1,308.5731707317073
94.0,2,3,276.22549019607845
94.0,2,4,292.7241379310345
94.0,3,1,299.0
94.0,3,3,273.24444444444447
94.0,3,4,300.0
94.0,3,5,242.0
94.0,4,1,293.63492063492066
94.0,4,3,281.23275862068965
94.0,4,4,323.9130434782609
94.0,4,5,349.0
95.0,1,1,308.2857142857143
95.0,1,3,278.030303030303
95.0,1,4,304.5
95.0,1,5,209.5
95.0,2,1,300.84415584415586
95.0,2,3,273.0978260869565
95.0,2,4,316.52941176470586
95.0,3,1,297.88709677419354
95.0,3,3,277.07216494845363
95.0,3,4,305.64285714285717
95.0,4,1,305.51612903225805
95.0,4,3,271.8738738738739
95.0,4,4,305.1
95.0,4,5,268.0
96.0,1,1,290.9268292682927
96.0,1,3,280.30882352941177
96.0,1,4,331.8888888888889
96.0,2,1,309.2258064516129
96.0,2,3,275.8279569892473
96.0,2,4,305.0
96.0,3,1,292.3
96.0,3,3,274.0105263157895
96.0,3,4,325.5
96.0,4,1,296.7936507936508
96.0,4,3,280.98496240601503
96.0,4,4,303.962962962963
97.0,1,1,296.77966101694915
97.0,1,3,282.15315315315314
97.0,1,4,322.1333333333333
97.0,2,1,295.8474576271187
97.0,2,3,274.86138613861385
97.0,2,4,277.5833333333333
97.0,3,1,302.16326530612247
97.0,3,3,276.91509433962267
97.0,3,4,288.14285714285717
97.0,3,5,155.0
97.0,4,1,300.6545454545454
97.0,4,2,233.0
97.0,4,3,279.9830508474576
97.0,4,4,287.15384615384613
97.0,4,5,150.0
98.0,1,1,295.5111111111111
98.0,1,3,275.21238938053096
98.0,1,4,315.0
98.0,2,1,297.0689655172414
98.0,2,3,274.7826086956522
98.0,2,4,270.25
98.0,2,5,401.0
98.0,3,1,296.33962264150944
98.0,3,3,274.22314049586777
98.0,3,4,277.1363636363636
98.0,4,1,308.84615384615387
98.0,4,3,274.8032786885246
98.0,4,4,278.6923076923077
98.0,4,5,194.5
99.0,1,1,305.4736842105263
99.0,1,3,277.0108695652174
99.0,1,4,302.4
99.0,2,1,300.42857142857144
99.0,2,3,279.31481481481484
99.0,2,4,314.5
99.0,3,1,296.27906976744185
99.0,3,3,274.2795698924731
99.0,3,4,283.7647058823529
99.0,4,1,301.7560975609756
99.0,4,3,277.24
99.0,4,4,284.10526315789474
100.0,1,1,304.57142857142856
100.0,1,3,270.6111111111111
100.0,1,4,285.875
100.0,2,1,288.1707317073171
100.0,2,3,284.4651162790698
100.0,2,4,296.3333333333333
100.0,3,1,298.73809523809524
100.0,3,3,267.4655172413793
100.0,3,4,291.8666666666667
100.0,4,1,302.02777777777777
100.0,4,3,275.55652173913046
100.0,4,4,285.4166666666667
101.0,1,1,301.52941176470586
101.0,1,3,270.93636363636364
101.0,1,4,288.77777777777777
101.0,1,5,174.0
101.0,2,1,296.9811320754717
101.0,2,3,269.4736842105263
101.0,2,4,292.93333333333334
101.0,3,1,288.9512195121951
101.0,3,3,270.94059405940595
101.0,3,4,308.6923076923077
101.0,4,1,312.9
101.0,4,3,276.6194029850746
101.0,4,4,302.45454545454544
102.0,1,1,306.48148148148147
102.0,1,3,274.3170731707317
102.0,1,4,270.7142857142857
102.0,1,5,439.0
102.0,2,1,294.45454545454544
102.0,2,3,274.8191489361702
102.0,2,4,266.0
102.0,3,1,304.90909090909093
102.0,3,3,274.34
102.0,3,4,291.90909090909093
102.0,4,1,297.7916666666667
102.0,4,3,271.67808219178085
102.0,4,4,291.85714285714283
103.0,1,1,318.0833333333333
103.0,1,3,283.33870967741933
103.0,1,4,310.6666666666667
103.0,2,1,289.7241379310345
103.0,2,3,275.6161616161616
103.0,2,4,285.09090909090907
103.0,3,1,291.55263157894734
103.0,3,3,276.747572815534
103.0,3,4,295.125
103.0,4,1,308.64516129032256
103.0,4,3,279.6384615384615
103.0,4,4,282.27272727272725
103.0,4,5,403.0
104.0,1,1,305.875
104.0,1,3,277.2903225806452
104.0,1,4,299.8
104.0,2,1,297.28125
104.0,2,3,272.9047619047619
104.0,2,4,300.22222222222223
104.0,3,1,297.2307692307692
104.0,3,3,274.49122807017545
104.0,3,4,294.5
104.0,4,1,299.5882352941176
104.0,4,3,276.51785714285717
104.0,4,4,299.7857142857143
104.0,4,5,252.0
105.0,1,1,283.57894736842104
105.0,1,3,278.17391304347825
105.0,1,4,276.42857142857144
105.0,2,1,301.0
105.0,2,3,272.2894736842105
105.0,2,4,300.27272727272725
105.0,3,1,302.17857142857144
105.0,3,3,274.5421686746988
105.0,3,4,245.875
105.0,4,1,302.3636363636364
105.0,4,3,275.2307692307692
105.0,4,4,283.5
106.0,1,1,290.6875
106.0,1,3,281.0327868852459
106.0,1,4,269.8333333333333
106.0,1,5,256.0
106.0,2,1,291.2
106.0,2,3,274.0
106.0,2,4,292.8181818181818
106.0,3,1,275.42857142857144
106.0,3,3,272.1111111111111
106.0,3,4,322.42857142857144
106.0,3,5,322.0
106.0,4,1,282.4
106.0,4,2,411.0
106.0,4,3,278.04587155963304
106.0,4,4,284.06666666666666
107.0,1,1,294.875
107.0,1,3,277.75757575757575
107.0,1,4,317.85714285714283
107.0,1,5,183.0
107.0,2,1,302.9375
107.0,2,3,276.5652173913044
107.0,2,4,298.85714285714283
107.0,3,1,308.3333333333333
107.0,3,3,269.8454545454546
107.0,3,4,304.42857142857144
107.0,4,1,293.4
107.0,4,3,277.697247706422
107.0,4,4,283.0
107.0,4,5,183.0
108.0,1,1,287.75
108.0,1,3,277.29133858267716
108.0,1,4,232.75
108.0,2,1,302.05263157894734
108.0,2,3,279.2291666666667
108.0,2,4,256.25
108.0,3,1,292.3333333333333
108.0,3,3,271.20512820512823
108.0,3,4,313.5
108.0,4,1,291.7692307692308
108.0,4,3,278.6578947368421
108.0,4,4,270.0
108.0,4,5,288.0
109.0,1,1,284.9
109.0,1,3,279.5217391304348
109.0,1,4,332.3333333333333
109.0,2,1,286.3
109.0,2,3,274.34
109.0,2,4,261.1666666666667
109.0,3,1,308.875
109.0,3,3,265.65384615384613
109.0,3,4,388.0
109.0,4,1,281.09090909090907
109.0,4,3,280.0841121495327
109.0,4,4,306.4
110.0,1,1,315.6923076923077
110.0,1,3,279.8942307692308
110.0,1,4,242.0
110.0,1,5,384.0
110.0,2,1,280.11764705882354
110.0,2,3,279.61682242990656
110.0,2,4,330.2857142857143
110.0,3,1,275.8
110.0,3,3,273.43119266055044
110.0,3,4,343.2857142857143
110.0,4,1,287.3636363636364
110.0,4,3,272.7830188679245
110.0,4,4,281.25
111.0,1,1,304.0
111.0,1,3,281.8085106382979
111.0,1,4,348.0
111.0,2,1,287.5
111.0,2,3,274.2988505747126
111.0,2,4,315.6
111.0,3,1,287.72727272727275
111.0,3,3,276.0103092783505
111.0,3,4,276.5
111.0,4,1,284.8
111.0,4,3,274.56880733944956
111.0,4,4,303.0
112.0,1,1,286.55555555555554
112.0,1,3,281.35164835164835
112.0,1,4,281.1111111111111
112.0,2,1,267.25
112.0,2,3,272.04901960784315
112.0,2,4,324.0
112.0,3,1,299.8
112.0,3,3,276.3333333333333
112.0,3,4,290.2857142857143
112.0,4,1,306.44444444444446
112.0,4,3,273.3763440860215
112.0,4,4,294.0
113.0,1,1,294.0
113.0,1,3,277.7733333333333
113.0,1,4,249.0
113.0,2,1,285.85714285714283
113.0,2,3,277.19354838709677
113.0,2,4,327.85714285714283
113.0,3,1,272.27272727272725
113.0,3,3,271.26666666666665
113.0,3,4,305.6666666666667
113.0,4,1,305.0
113.0,4,3,283.9318181818182
113.0,4,4,303.6
114.0,1,1,282.5
114.0,1,3,272.1744186046512
114.0,1,4,274.25
114.0,2,1,281.4
114.0,2,3,271.5816326530612
114.0,2,4,247.0
114.0,3,1,270.5
114.0,3,3,272.8265306122449
114.0,3,4,300.2
114.0,4,1,281.42857142857144
114.0,4,3,274.4761904761905
114.0,4,4,300.77777777777777
115.0,1,1,259.2
115.0,1,3,274.7236842105263
115.0,1,4,302.0
115.0,2,1,294.3333333333333
115.0,2,3,279.0235294117647
115.0,2,4,316.14285714285717
115.0,3,1,266.0
115.0,3,3,268.45238095238096
115.0,3,4,255.5
115.0,4,1,338.3333333333333
115.0,4,3,278.4714285714286
115.0,4,4,293.6
116.0,1,1,306.4
116.0,1,3,277.15584415584414
116.0,1,4,300.8333333333333
116.0,2,1,293.25
116.0,2,3,281.06666666666666
116.0,2,4,248.75
116.0,3,1,302.0
116.0,3,3,273.09411764705885
116.0,3,4,274.0
116.0,4,1,300.25
116.0,4,3,273.8484848484849
116.0,4,4,269.8
117.0,1,1,308.0
117.0,1,3,281.9230769230769
117.0,1,4,340.0
117.0,2,1,291.8333333333333
117.0,2,3,271.2368421052632
117.0,2,4,292.14285714285717
117.0,3,1,270.3333333333333
117.0,3,3,270.76190476190476
117.0,3,4,384.0
117.0,4,1,319.5
117.0,4,3,284.03508771929825
117.0,4,4,316.6
118.0,1,1,297.5
118.0,1,3,278.359375
118.0,1,4,246.5
118.0,2,1,278.25
118.0,2,3,275.4366197183099
118.0,2,4,320.0
118.0,3,1,317.0
118.0,3,3,275.4428571428571
118.0,3,4,323.75
118.0,4,1,247.0
118.0,4,3,273.52830188679246
118.0,4,4,283.85714285714283
119.0,1,1,317.75
119.0,1,3,268.85483870967744
119.0,1,4,313.5
119.0,1,5,129.0
119.0,2,1,258.0
119.0,2,3,276.968253968254
119.0,2,4,258.3333333333333
119.0,3,1,329.0
119.0,3,3,273.93650793650795
119.0,3,4,167.0
119.0,4,1,256.0
119.0,4,3,281.27272727272725
119.0,4,4,248.5
120.0,1,1,286.0
120.0,1,3,277.6170212765957
120.0,2,1,236.0
120.0,2,3,268.33898305084745
120.0,2,4,164.0
120.0,3,1,287.0
120.0,3,3,277.26
120.0,3,4,265.5
120.0,3,5,388.0
120.0,4,1,288.6
120.0,4,3,278.12
120.0,4,4,300.5
121.0,1,3,268.5
121.0,2,3,275.5593220338983
121.0,2,4,301.5
121.0,2,5,192.0
121.0,3,1,300.0
121.0,3,3,265.4375
121.0,3,4,286.3333333333333
121.0,4,1,303.0
121.0,4,3,280.47058823529414
121.0,4,4,319.5
122.0,1,1,318.6666666666667
122.0,1,3,275.4047619047619
122.0,1,4,263.5
122.0,2,1,309.0
122.0,2,3,276.1969696969697
122.0,2,4,314.0
122.0,3,1,331.0
122.0,3,3,269.13461538461536
122.0,3,4,332.0
122.0,4,1,334.0
122.0,4,3,270.86
122.0,4,4,310.85714285714283
123.0,1,1,289.0
123.0,1,3,282.20588235294116
123.0,1,4,342.0
123.0,1,5,201.0
123.0,2,1,273.0
123.0,2,3,268.475
123.0,2,4,242.0
123.0,3,1,273.5
123.0,3,3,273.13513513513516
123.0,3,4,252.0
123.0,4,1,329.5
123.0,4,3,268.09375
123.0,4,4,272.6666666666667
124.0,1,1,249.0
124.0,1,3,272.4
124.0,2,3,282.8979591836735
124.0,2,4,324.0
124.0,3,3,268.30232558139534
124.0,3,4,259.6
124.0,4,1,281.0
124.0,4,3,268.975
124.0,4,4,330.2
124.0,4,5,253.0
125.0,1,1,252.0
125.0,1,3,283.1842105263158
125.0,1,4,481.0
125.0,2,1,307.0
125.0,2,2,292.0
125.0,2,3,267.5833333333333
125.0,3,1,275.0
125.0,3,3,266.9736842105263
125.0,3,4,194.0
125.0,4,1,264.5
125.0,4,3,267.4848484848485
125.0,4,4,371.0
126.0,1,3,277.58620689655174
126.0,1,4,240.0
126.0,2,3,283.0416666666667
126.0,2,4,237.66666666666666
126.0,3,1,312.0
126.0,3,3,261.6333333333333
126.0,4,3,273.06451612903226
127.0,1,3,268.15
127.0,1,4,274.5
127.0,2,1,270.0
127.0,2,3,280.3611111111111
127.0,2,4,223.0
127.0,3,3,280.93333333333334
127.0,3,4,323.6666666666667
127.0,4,3,275.55555555555554
128.0,1,3,288.625
128.0,1,4,301.5
128.0,2,1,300.0
128.0,2,3,264.7083333333333
128.0,2,4,288.5
128.0,3,3,264.8888888888889
128.0,3,4,267.5
128.0,4,1,447.0
128.0,4,3,286.61538461538464
129.0,1,3,268.36842105263156
129.0,1,4,334.0
129.0,2,1,287.0
129.0,2,3,272.85
129.0,2,4,224.0
129.0,3,3,251.0
129.0,3,4,135.0
129.0,4,3,257.47058823529414
130.0,1,1,275.5
130.0,1,3,251.625
130.0,2,3,277.81481481481484
130.0,3,3,264.0
130.0,3,4,227.5
130.0,4,1,393.0
130.0,4,3,272.6666666666667
130.0,4,4,284.0
131.0,1,3,299.2
131.0,1,4,340.5
131.0,2,1,323.0
131.0,2,3,271.0
131.0,2,4,319.0
131.0,3,3,262.1333333333333
131.0,3,4,285.0
131.0,4,3,289.8181818181818
131.0,4,4,228.5
132.0,1,3,285.3333333333333
132.0,1,4,247.0
132.0,2,3,271.22727272727275
132.0,3,3,267.5
132.0,3,4,256.0
132.0,4,3,272.3333333333333
132.0,4,4,245.66666666666666
133.0,1,3,286.9230769230769
133.0,1,4,335.0
133.0,2,3,260.25
133.0,3,1,286.0
133.0,3,3,262.25
133.0,3,4,295.0
133.0,4,1,274.0
133.0,4,3,248.2
134.0,1,3,281.75
134.0,1,4,332.0
134.0,2,3,271.42105263157896
134.0,2,4,299.0
134.0,3,1,312.0
134.0,3,3,272.1875
134.0,3,4,218.66666666666666
134.0,4,1,241.0
134.0,4,3,261.89473684210526
134.0,4,4,265.0
135.0,1,3,276.1666666666667
135.0,2,3,260.5263157894737
135.0,2,4,269.5
135.0,3,1,297.0
135.0,3,3,259.4
135.0,3,4,300.0
135.0,4,3,256.8333333333333
135.0,4,4,329.0
136.0,1,3,247.125
136.0,1,4,462.0
136.0,2,3,277.4166666666667
136.0,3,3,243.66666666666666
136.0,3,4,474.0
136.0,4,1,298.0
136.0,4,3,268.2
136.0,4,4,259.5
137.0,1,3,348.0
137.0,1,5,324.0
137.0,2,3,260.9230769230769
137.0,2,4,392.0
137.0,3,3,298.0
137.0,3,4,297.0
137.0,4,2,258.0
137.0,4,3,264.5
138.0,1,3,277.125
138.0,1,4,258.0
138.0,2,1,202.0
138.0,2,3,293.2
138.0,2,4,450.0
138.0,3,3,313.9166666666667
138.0,3,4,315.5
138.0,4,3,274.25
139.0,1,3,278.6666666666667
139.0,1,4,294.0
139.0,2,3,252.88888888888889
139.0,2,4,343.0
139.0,3,3,264.4
139.0,4,3,314.2857142857143
140.0,1,3,319.6
140.0,1,4,330.0
140.0,2,3,254.0
140.0,2,4,301.0
140.0,3,3,245.5
140.0,3,4,418.0
140.0,4,3,315.2
140.0,4,4,268.0
141.0,1,1,325.0
141.0,1,3,254.5
141.0,1,4,389.0
141.0,2,3,270.0
141.0,3,3,299.0
141.0,4,3,262.3333333333333
141.0,4,4,451.0
142.0,1,3,279.0
142.0,2,3,289.42857142857144
142.0,2,4,231.0
142.0,3,3,251.11111111111111
142.0,4,3,251.33333333333334
142.0,4,4,307.0
143.0,1,3,255.33333333333334
143.0,2,1,216.0
143.0,2,3,267.6
143.0,3,3,236.33333333333334
143.0,3,4,253.0
143.0,4,3,283.5
143.0,4,4,453.0
144.0,1,3,295.0
144.0,1,4,338.0
144.0,2,3,249.0
144.0,3,3,240.25
144.0,4,3,251.75
145.0,1,3,269.6666666666667
145.0,2,3,265.5
145.0,3,3,290.5
145.0,4,3,259.6666666666667
145.0,4,4,219.0
146.0,1,3,297.0
146.0,2,3,294.0
146.0,3,3,245.0
146.0,3,4,378.5
146.0,4,1,234.0
146.0,4,4,339.0
147.0,1,1,240.0
147.0,1,3,326.0
147.0,2,3,317.5
147.0,3,3,272.0
147.0,4,3,305.0
148.0,1,3,269.6666666666667
148.0,2,3,280.75
148.0,2,4,391.0
148.0,3,3,284.5
148.0,4,3,374.0
148.0,4,4,256.5
149.0,1,3,306.0
149.0,1,4,452.0
149.0,2,3,258.0
149.0,3,3,242.0
149.0,4,1,346.0
149.0,4,3,231.0
150.0,1,3,235.0
150.0,1,4,211.0
150.0,2,3,254.0
150.0,2,4,225.0
150.0,3,3,266.0
150.0,3,4,380.0
150.0,4,3,273.0
151.0,1,1,319.0
151.0,1,3,245.0
151.0,2,3,253.66666666666666
151.0,4,3,298.3333333333333
152.0,1,1,286.0
152.0,1,3,349.0
152.0,2,3,275.0
152.0,2,4,340.0
152.0,3,3,326.5
152.0,4,2,356.0
152.0,4,3,230.0
153.0,1,1,296.0
153.0,1,3,224.0
153.0,2,1,154.0
153.0,2,3,295.0
153.0,3,3,287.75
153.0,4,1,266.0
153.0,4,3,255.0
154.0,1,3,270.25
154.0,2,3,236.0
154.0,3,3,246.25
154.0,3,4,196.0
154.0,4,3,261.0
155.0,2,3,242.0
155.0,3,4,327.0
155.0,4,3,314.0
156.0,1,3,275.0
156.0,1,4,267.0
156.0,3,3,253.0
156.0,3,4,289.0
156.0,4,4,220.0
157.0,2,3,316.0
157.0,4,3,254.5
