AverageFloorArea,Quarter,Property Type,EnergyUseAveragePerDwelling
0.0,1,1,160.77777777777777
0.0,1,2,142.0
0.0,1,3,159.0
0.0,1,4,161.35
0.0,2,1,200.0
0.0,2,2,170.0
0.0,2,4,140.66666666666666
0.0,3,4,191.0
0.0,4,1,146.2
0.0,4,2,174.11111111111111
0.0,4,3,108.0
0.0,4,4,165.23076923076923
1.0,1,4,213.5
1.0,2,2,124.0
1.0,3,4,168.0
1.0,4,4,114.0
2.0,1,4,153.0
2.0,2,4,151.11111111111111
2.0,3,2,250.0
2.0,3,4,170.2
2.0,4,2,156.0
2.0,4,4,163.35294117647058
3.0,1,2,117.5
3.0,1,4,149.375
3.0,2,4,171.33333333333334
3.0,3,2,171.0
3.0,3,4,180.25
3.0,4,4,144.2
4.0,1,2,156.0
4.0,1,4,153.0
4.0,2,2,186.0
4.0,2,4,149.07142857142858
4.0,3,2,146.0
4.0,3,4,158.36363636363637
4.0,4,2,142.5
4.0,4,4,153.33333333333334
5.0,1,2,195.0
5.0,1,4,170.6086956521739
5.0,2,2,172.0
5.0,2,4,158.25
5.0,3,2,160.5
5.0,3,4,169.07692307692307
5.0,4,2,111.0
5.0,4,4,150.88888888888889
6.0,1,2,185.0
6.0,1,4,152.6
6.0,2,2,180.0
6.0,2,4,162.0
6.0,3,2,159.0
6.0,3,4,168.7
6.0,4,4,163.25
7.0,1,2,146.5
7.0,1,4,179.5
7.0,2,2,116.0
7.0,2,4,151.0
7.0,3,2,137.0
7.0,3,4,134.2
7.0,4,4,170.5
8.0,1,2,157.0
8.0,2,4,147.0
8.0,3,4,116.33333333333333
8.0,4,2,171.33333333333334
8.0,4,4,142.25
9.0,1,2,235.0
9.0,1,3,100.0
9.0,1,4,139.6
9.0,2,2,209.0
9.0,3,4,142.0
9.0,4,2,162.0
9.0,4,4,176.5
10.0,1,2,239.0
10.0,1,4,172.0
10.0,2,2,204.0
10.0,3,4,153.0
10.0,4,2,131.5
10.0,4,4,155.875
11.0,1,2,169.0
11.0,1,4,156.66666666666666
11.0,2,2,130.0
11.0,2,4,232.0
11.0,4,2,155.4
11.0,4,4,155.33333333333334
12.0,1,2,161.5
12.0,1,4,151.66666666666666
12.0,3,2,153.0
12.0,3,4,188.0
12.0,4,2,159.0
12.0,4,4,149.66666666666666
13.0,1,2,188.33333333333334
13.0,1,4,168.33333333333334
13.0,2,2,104.0
13.0,2,4,137.0
13.0,4,2,164.5
13.0,4,4,167.16666666666666
14.0,1,1,128.0
14.0,1,2,97.5
14.0,2,1,143.0
14.0,2,2,120.0
14.0,3,2,130.0
14.0,4,2,181.33333333333334
14.0,4,4,162.8
15.0,1,2,149.0
15.0,1,4,125.0
15.0,2,2,159.0
15.0,3,4,116.0
15.0,4,2,154.6
15.0,4,4,135.0
16.0,1,2,146.66666666666666
16.0,1,3,144.0
16.0,1,4,202.5
16.0,3,2,124.5
16.0,3,4,163.0
16.0,4,2,184.33333333333334
16.0,4,4,138.0
17.0,1,2,146.0
17.0,1,4,140.0
17.0,2,2,124.0
17.0,2,4,265.0
17.0,3,2,208.0
17.0,4,2,174.8
18.0,1,2,152.28571428571428
18.0,2,2,238.0
18.0,2,4,179.0
18.0,3,2,97.0
18.0,3,4,135.0
18.0,4,1,156.0
18.0,4,2,170.14285714285714
19.0,1,2,154.0
19.0,1,4,136.5
19.0,2,2,173.5
19.0,3,2,127.0
19.0,4,2,186.2
19.0,4,3,146.0
19.0,4,4,144.0
20.0,1,2,164.5
20.0,1,4,125.0
20.0,2,1,260.0
20.0,2,2,134.5
20.0,2,4,160.0
20.0,3,2,159.0
20.0,3,4,231.0
20.0,4,2,201.55555555555554
20.0,4,4,173.25
21.0,1,2,192.66666666666666
21.0,1,4,155.5
21.0,2,1,155.0
21.0,2,2,149.5
21.0,3,1,250.0
21.0,3,2,181.0
21.0,3,4,138.0
21.0,4,1,213.5
21.0,4,2,164.75
22.0,1,1,226.0
22.0,1,2,165.57142857142858
22.0,1,4,140.66666666666666
22.0,2,1,174.5
22.0,2,2,214.0
22.0,2,4,149.0
22.0,3,2,168.0
22.0,4,1,202.66666666666666
22.0,4,2,163.1
22.0,4,4,242.0
23.0,1,1,193.5
23.0,1,2,226.0
23.0,1,3,116.0
23.0,1,4,162.0
23.0,2,1,196.0
23.0,2,2,136.0
23.0,2,4,174.8
23.0,3,1,188.0
23.0,3,2,162.0
23.0,3,4,141.0
23.0,4,1,190.0
23.0,4,2,179.0909090909091
23.0,4,4,135.0
24.0,1,2,150.92307692307693
24.0,1,4,213.0
24.0,2,1,155.0
24.0,2,2,173.33333333333334
24.0,2,4,148.5
24.0,3,1,181.33333333333334
24.0,3,2,115.0
24.0,3,4,120.0
24.0,4,1,151.0
24.0,4,2,148.88888888888889
24.0,4,4,170.6
25.0,1,1,173.0
25.0,1,2,138.0
25.0,1,3,199.5
25.0,1,4,160.0
25.0,2,1,208.0
25.0,2,2,129.5
25.0,2,4,290.0
25.0,3,2,169.5
25.0,3,4,155.0
25.0,4,1,173.0
25.0,4,2,189.1818181818182
25.0,4,4,209.0
26.0,1,2,157.83333333333334
26.0,1,3,144.0
26.0,1,4,135.0
26.0,2,2,169.8
26.0,2,4,202.5
26.0,3,1,244.5
26.0,3,2,191.0
26.0,4,2,162.08333333333334
26.0,4,4,191.16666666666666
27.0,1,2,150.8
27.0,2,1,180.0
27.0,2,2,193.66666666666666
27.0,2,4,176.0
27.0,3,2,145.0
27.0,3,4,179.0
27.0,4,2,165.0
27.0,4,4,156.5
28.0,1,1,187.0
28.0,1,2,156.33333333333334
28.0,1,4,98.0
28.0,2,1,219.0
28.0,2,2,178.0
28.0,3,1,241.0
28.0,3,2,203.75
28.0,3,4,261.0
28.0,4,2,154.5
28.0,4,3,139.0
28.0,4,4,147.0
29.0,1,1,243.0
29.0,1,2,153.9
29.0,1,3,124.0
29.0,1,4,173.5
29.0,2,1,231.0
29.0,2,2,177.5
29.0,3,1,155.33333333333334
29.0,3,2,149.5
29.0,3,4,128.0
29.0,4,1,177.0
29.0,4,2,160.35714285714286
29.0,4,3,138.0
29.0,4,4,125.5
30.0,1,1,281.0
30.0,1,2,172.92307692307693
30.0,1,4,150.5
30.0,2,1,178.0
30.0,2,2,154.25
30.0,2,4,135.5
30.0,3,1,153.0
30.0,3,2,223.625
30.0,3,4,164.75
30.0,4,2,170.6
30.0,4,4,142.0
31.0,1,1,175.0
31.0,1,2,143.9
31.0,1,4,150.0
31.0,2,1,206.5
31.0,2,2,197.5
31.0,2,4,167.0
31.0,3,1,196.0
31.0,3,2,175.0
31.0,4,2,179.8
31.0,4,4,123.33333333333333
32.0,1,1,161.25
32.0,1,2,187.31578947368422
32.0,1,4,132.6
32.0,2,1,132.0
32.0,2,2,163.0
32.0,2,4,154.0
32.0,3,1,163.75
32.0,3,2,180.4
32.0,3,3,90.0
32.0,3,4,160.0
32.0,4,1,190.75
32.0,4,2,173.41666666666666
32.0,4,3,133.0
32.0,4,4,199.6
33.0,1,1,162.5
33.0,1,2,194.8
33.0,1,4,147.0
33.0,2,1,200.66666666666666
33.0,2,2,212.375
33.0,2,4,139.33333333333334
33.0,3,1,181.0
33.0,3,2,167.22222222222223
33.0,3,4,179.0
33.0,4,1,159.66666666666666
33.0,4,2,192.72727272727272
33.0,4,4,110.0
34.0,1,1,137.0
34.0,1,2,177.9
34.0,1,4,153.6
34.0,2,2,188.42857142857142
34.0,2,4,181.66666666666666
34.0,3,1,219.4
34.0,3,2,171.6
34.0,3,4,129.0
34.0,4,1,145.5
34.0,4,2,169.2
34.0,4,3,137.75
34.0,4,4,194.5
35.0,1,1,184.33333333333334
35.0,1,2,169.0
35.0,1,3,138.0
35.0,1,4,135.75
35.0,2,1,198.5
35.0,2,2,177.84615384615384
35.0,2,4,171.0
35.0,3,1,104.5
35.0,3,2,164.88888888888889
35.0,3,4,186.25
35.0,4,1,194.0
35.0,4,2,175.21428571428572
35.0,4,3,138.5
35.0,4,4,126.0
36.0,1,1,160.0
36.0,1,2,170.44444444444446
36.0,1,4,121.14285714285714
36.0,2,1,175.66666666666666
36.0,2,2,178.2
36.0,2,4,165.5
36.0,3,1,132.0
36.0,3,2,187.2
36.0,3,4,122.0
36.0,4,1,131.0
36.0,4,2,176.33333333333334
36.0,4,4,139.5
37.0,1,1,219.0
37.0,1,2,155.25
37.0,1,3,114.0
37.0,1,4,154.16666666666666
37.0,2,1,164.66666666666666
37.0,2,2,214.08333333333334
37.0,2,3,206.0
37.0,2,4,109.0
37.0,3,1,183.5
37.0,3,2,174.41666666666666
37.0,3,4,199.5
37.0,4,1,162.16666666666666
37.0,4,2,180.73684210526315
37.0,4,3,128.0
37.0,4,4,140.6
38.0,1,1,206.66666666666666
38.0,1,2,181.11111111111111
38.0,1,3,89.0
38.0,1,4,216.2
38.0,2,1,184.25
38.0,2,2,196.10526315789474
38.0,2,4,176.25
38.0,3,1,187.0
38.0,3,2,183.69230769230768
38.0,3,4,148.0
38.0,4,1,158.0
38.0,4,2,179.23076923076923
38.0,4,3,134.0
38.0,4,4,167.5
39.0,1,1,204.0
39.0,1,2,182.9375
39.0,1,3,136.5
39.0,1,4,157.0
39.0,2,1,235.66666666666666
39.0,2,2,173.9090909090909
39.0,2,4,157.6
39.0,3,1,194.375
39.0,3,2,164.94736842105263
39.0,3,4,167.75
39.0,4,1,164.5
39.0,4,2,172.52941176470588
39.0,4,3,128.0
39.0,4,4,199.25
40.0,1,1,148.0
40.0,1,2,192.8148148148148
40.0,1,3,115.0
40.0,1,4,134.0
40.0,2,1,193.6
40.0,2,2,216.5
40.0,2,4,288.0
40.0,3,1,214.25
40.0,3,2,173.11111111111111
40.0,3,4,143.0
40.0,4,1,163.6
40.0,4,2,188.72
40.0,4,4,192.28571428571428
41.0,1,1,178.71428571428572
41.0,1,2,188.69230769230768
41.0,1,3,136.0
41.0,1,4,176.0
41.0,2,1,165.33333333333334
41.0,2,2,184.04
41.0,2,4,125.0
41.0,3,1,180.9
41.0,3,2,173.92
41.0,3,4,119.75
41.0,4,1,170.5
41.0,4,2,168.07142857142858
41.0,4,3,119.5
41.0,4,4,183.33333333333334
42.0,1,1,181.875
42.0,1,2,182.24137931034483
42.0,1,3,116.0
42.0,1,4,154.83333333333334
42.0,2,1,189.0
42.0,2,2,189.69230769230768
42.0,2,4,155.42857142857142
42.0,3,1,218.5
42.0,3,2,174.8709677419355
42.0,3,4,135.5
42.0,4,1,196.0
42.0,4,2,165.26315789473685
42.0,4,3,144.0
42.0,4,4,146.5
43.0,1,1,154.16666666666666
43.0,1,2,175.0625
43.0,1,3,129.0
43.0,1,4,109.8
43.0,2,1,172.25
43.0,2,2,176.66666666666666
43.0,2,4,155.28571428571428
43.0,3,1,167.5
43.0,3,2,181.16666666666666
43.0,3,4,175.66666666666666
43.0,4,1,222.0
43.0,4,2,183.6153846153846
43.0,4,3,137.0
43.0,4,4,148.5
44.0,1,1,177.57142857142858
44.0,1,2,177.44736842105263
44.0,1,3,148.5
44.0,1,4,147.0
44.0,2,1,125.85714285714286
44.0,2,2,168.9787234042553
44.0,2,4,153.22222222222223
44.0,3,1,190.22222222222223
44.0,3,2,170.68421052631578
44.0,3,4,134.66666666666666
44.0,4,1,155.21428571428572
44.0,4,2,169.12820512820514
44.0,4,3,124.66666666666667
44.0,4,4,165.85714285714286
45.0,1,1,190.66666666666666
45.0,1,2,165.04761904761904
45.0,1,3,97.0
45.0,1,4,125.83333333333333
45.0,2,1,130.0
45.0,2,2,181.19354838709677
45.0,2,4,173.0
45.0,3,1,179.5
45.0,3,2,174.5121951219512
45.0,3,4,170.8
45.0,4,1,168.5
45.0,4,2,170.23809523809524
45.0,4,3,145.0
45.0,4,4,139.76923076923077
46.0,1,1,131.0
46.0,1,2,164.32258064516128
46.0,1,3,120.0
46.0,1,4,154.58823529411765
46.0,2,1,161.23529411764707
46.0,2,2,175.5
46.0,2,4,158.76470588235293
46.0,3,1,136.0
46.0,3,2,166.1590909090909
46.0,3,4,170.89473684210526
46.0,4,1,140.125
46.0,4,2,174.15686274509804
46.0,4,3,132.0
46.0,4,4,152.2
47.0,1,1,181.125
47.0,1,2,154.30769230769232
47.0,1,3,110.5
47.0,1,4,125.0909090909091
47.0,2,1,161.11111111111111
47.0,2,2,172.45454545454547
47.0,2,4,156.33333333333334
47.0,3,1,175.33333333333334
47.0,3,2,169.94117647058823
47.0,3,4,135.8
47.0,4,1,152.125
47.0,4,2,174.8372093023256
47.0,4,3,126.0
47.0,4,4,157.26666666666668
48.0,1,1,138.1
48.0,1,2,162.56842105263158
48.0,1,4,141.25
48.0,2,1,122.55555555555556
48.0,2,2,156.75
48.0,2,4,142.1764705882353
48.0,3,1,158.875
48.0,3,2,160.8125
48.0,3,4,121.36363636363636
48.0,4,1,171.14285714285714
48.0,4,2,156.62686567164178
48.0,4,3,134.0
48.0,4,4,133.47368421052633
49.0,1,1,143.64705882352942
49.0,1,2,166.81690140845072
49.0,1,3,150.5
49.0,1,4,133.94736842105263
49.0,2,1,138.88888888888889
49.0,2,2,158.1529411764706
49.0,2,4,137.72222222222223
49.0,3,1,159.66666666666666
49.0,3,2,155.9
49.0,3,4,168.91666666666666
49.0,4,1,127.88888888888889
49.0,4,2,158.60377358490567
49.0,4,3,120.5
49.0,4,4,118.0
50.0,1,1,145.86666666666667
50.0,1,2,158.8118811881188
50.0,1,3,119.0
50.0,1,4,124.33333333333333
50.0,2,1,151.125
50.0,2,2,152.16666666666666
50.0,2,3,228.0
50.0,2,4,150.7
50.0,3,1,144.1875
50.0,3,2,154.5185185185185
50.0,3,3,152.0
50.0,3,4,120.21739130434783
50.0,4,1,170.2
50.0,4,2,148.60204081632654
50.0,4,3,137.0
50.0,4,4,150.42857142857142
51.0,1,1,156.0
51.0,1,2,145.9157894736842
51.0,1,3,154.2
51.0,1,4,121.2
51.0,2,1,145.27272727272728
51.0,2,2,150.70526315789473
51.0,2,3,133.0
51.0,2,4,115.16666666666667
51.0,3,1,140.28571428571428
51.0,3,2,152.77173913043478
51.0,3,3,119.0
51.0,3,4,121.29166666666667
51.0,4,1,146.4
51.0,4,2,158.14736842105262
51.0,4,3,133.14285714285714
51.0,4,4,132.22222222222223
52.0,1,1,157.8
52.0,1,2,146.07142857142858
52.0,1,3,136.0
52.0,1,4,133.7674418604651
52.0,2,1,154.0
52.0,2,2,152.8556701030928
52.0,2,3,139.0
52.0,2,4,120.11428571428571
52.0,3,1,137.68421052631578
52.0,3,2,150.44210526315788
52.0,3,4,120.96774193548387
52.0,4,1,154.0
52.0,4,2,142.2941176470588
52.0,4,3,147.83333333333334
52.0,4,4,119.7
53.0,1,1,146.30769230769232
53.0,1,2,146.234375
53.0,1,3,116.5
53.0,1,4,129.45454545454547
53.0,2,1,119.6
53.0,2,2,144.1196581196581
53.0,2,3,116.0
53.0,2,4,129.11764705882354
53.0,3,1,139.1578947368421
53.0,3,2,145.57142857142858
53.0,3,4,102.47058823529412
53.0,4,1,139.625
53.0,4,2,140.89166666666668
53.0,4,3,128.0
53.0,4,4,130.70833333333334
54.0,1,1,141.1875
54.0,1,2,145.36507936507937
54.0,1,3,128.8
54.0,1,4,118.92857142857143
54.0,2,1,142.69230769230768
54.0,2,2,142.9920634920635
54.0,2,4,112.74418604651163
54.0,3,1,143.0
54.0,3,2,140.6328125
54.0,3,3,135.0
54.0,3,4,99.1875
54.0,4,1,135.33333333333334
54.0,4,2,140.7163120567376
54.0,4,3,130.2
54.0,4,4,114.37142857142857
55.0,1,1,131.42857142857142
55.0,1,2,141.19333333333333
55.0,1,3,130.75
55.0,1,4,115.73333333333333
55.0,2,1,167.78571428571428
55.0,2,2,141.4160583941606
55.0,2,3,117.5
55.0,2,4,138.91304347826087
55.0,3,1,155.07692307692307
55.0,3,2,138.36231884057972
55.0,3,4,128.5
55.0,4,1,139.0
55.0,4,2,141.35416666666666
55.0,4,3,139.5
55.0,4,4,130.53488372093022
56.0,1,1,126.09375
56.0,1,2,140.4915254237288
56.0,1,3,114.66666666666667
56.0,1,4,121.32558139534883
56.0,2,1,155.13636363636363
56.0,2,2,136.47560975609755
56.0,2,3,138.0
56.0,2,4,108.86206896551724
56.0,3,1,140.17391304347825
56.0,3,2,148.16167664670658
56.0,3,4,128.3939393939394
56.0,4,1,138.33333333333334
56.0,4,2,143.30538922155688
56.0,4,3,136.5
56.0,4,4,119.9047619047619
57.0,1,1,111.64285714285714
57.0,1,2,136.02366863905326
57.0,1,3,131.66666666666666
57.0,1,4,131.0909090909091
57.0,2,1,127.375
57.0,2,2,136.41988950276243
57.0,2,3,144.0
57.0,2,4,125.26086956521739
57.0,3,1,130.47826086956522
57.0,3,2,143.1764705882353
57.0,3,4,131.0344827586207
57.0,4,1,134.39285714285714
57.0,4,2,132.56179775280899
57.0,4,3,115.5
57.0,4,4,125.56410256410257
58.0,1,1,127.97727272727273
58.0,1,2,128.9144385026738
58.0,1,3,147.66666666666666
58.0,1,4,130.65
58.0,2,1,152.53333333333333
58.0,2,2,129.29268292682926
58.0,2,3,133.0
58.0,2,4,115.70588235294117
58.0,3,1,138.2051282051282
58.0,3,2,142.27710843373495
58.0,3,3,112.0
58.0,3,4,135.6060606060606
58.0,4,1,139.2
58.0,4,2,134.77653631284917
58.0,4,3,133.5
58.0,4,4,132.92307692307693
59.0,1,1,118.32142857142857
59.0,1,2,127.53367875647669
59.0,1,3,126.2
59.0,1,4,123.16666666666667
59.0,2,1,143.75757575757575
59.0,2,2,124.48554913294798
59.0,2,4,121.03333333333333
59.0,3,1,120.96551724137932
59.0,3,2,128.0503144654088
59.0,3,4,105.27777777777777
59.0,4,1,128.28571428571428
59.0,4,2,130.159793814433
59.0,4,3,136.0909090909091
59.0,4,4,140.17391304347825
60.0,1,1,123.675
60.0,1,2,125.5187165775401
60.0,1,3,132.2
60.0,1,4,127.61290322580645
60.0,2,1,132.9189189189189
60.0,2,2,125.17834394904459
60.0,2,3,112.0
60.0,2,4,118.41379310344827
60.0,3,1,119.53061224489795
60.0,3,2,121.78571428571429
60.0,3,3,122.0
60.0,3,4,138.5625
60.0,4,1,122.52380952380952
60.0,4,2,126.33333333333333
60.0,4,3,133.33333333333334
60.0,4,4,119.5945945945946
61.0,1,1,117.94444444444444
61.0,1,2,123.57225433526011
61.0,1,3,126.25
61.0,1,4,119.3030303030303
61.0,2,1,112.26315789473684
61.0,2,2,125.28476821192054
61.0,2,3,119.0
61.0,2,4,141.84
61.0,3,1,131.73333333333332
61.0,3,2,119.81045751633987
61.0,3,3,114.0
61.0,3,4,118.42857142857143
61.0,4,1,119.3157894736842
61.0,4,2,121.09714285714286
61.0,4,3,132.0
61.0,4,4,121.1
62.0,1,1,131.0909090909091
62.0,1,2,124.38888888888889
62.0,1,3,134.25
62.0,1,4,123.15384615384616
62.0,2,1,124.34146341463415
62.0,2,2,124.34463276836158
62.0,2,3,108.0
62.0,2,4,127.73170731707317
62.0,3,1,136.5
62.0,3,2,129.90683229813664
62.0,3,3,120.0
62.0,3,4,121.6
62.0,4,1,131.29787234042553
62.0,4,2,120.35632183908046
62.0,4,3,140.28571428571428
62.0,4,4,134.57575757575756
63.0,1,1,113.07692307692308
63.0,1,2,123.94871794871794
63.0,1,3,116.4
63.0,1,4,129.20833333333334
63.0,2,1,124.76086956521739
63.0,2,2,117.58333333333333
63.0,2,3,127.0
63.0,2,4,129.84615384615384
63.0,3,1,124.26086956521739
63.0,3,2,118.72413793103448
63.0,3,4,122.64
63.0,4,1,124.96875
63.0,4,2,123.70394736842105
63.0,4,3,149.25
63.0,4,4,120.56666666666666
64.0,1,1,114.6086956521739
64.0,1,2,117.79646017699115
64.0,1,3,122.875
64.0,1,4,122.15789473684211
64.0,2,1,125.52272727272727
64.0,2,2,129.11475409836066
64.0,2,3,128.83333333333334
64.0,2,4,128.4
64.0,3,1,125.25
64.0,3,2,120.08823529411765
64.0,3,3,155.0
64.0,3,4,124.37209302325581
64.0,4,1,130.30357142857142
64.0,4,2,116.38216560509554
64.0,4,3,120.625
64.0,4,4,130.42105263157896
65.0,1,1,109.41463414634147
65.0,1,2,115.09615384615384
65.0,1,3,128.2
65.0,1,4,133.05555555555554
65.0,2,1,125.11111111111111
65.0,2,2,112.04545454545455
65.0,2,3,135.0
65.0,2,4,120.075
65.0,3,1,125.30434782608695
65.0,3,2,122.54744525547446
65.0,3,3,115.0
65.0,3,4,121.88888888888889
65.0,4,1,115.74358974358974
65.0,4,2,114.35135135135135
65.0,4,3,126.0
65.0,4,4,119.93939393939394
66.0,1,1,126.93103448275862
66.0,1,2,117.73636363636363
66.0,1,3,141.85714285714286
66.0,1,4,110.94285714285714
66.0,2,1,119.18518518518519
66.0,2,2,113.7107438016529
66.0,2,3,130.0
66.0,2,4,126.81481481481481
66.0,3,1,111.5
66.0,3,2,125.25503355704699
66.0,3,4,130.3783783783784
66.0,4,1,116.6140350877193
66.0,4,2,111.68518518518519
66.0,4,3,129.0
66.0,4,4,117.64814814814815
67.0,1,1,116.175
67.0,1,2,115.87037037037037
67.0,1,3,135.75
67.0,1,4,122.15789473684211
67.0,2,1,110.97297297297297
67.0,2,2,123.37864077669903
67.0,2,3,122.5
67.0,2,4,121.42857142857143
67.0,3,1,113.39622641509433
67.0,3,2,113.7864077669903
67.0,3,4,120.14285714285714
67.0,4,1,109.8695652173913
67.0,4,2,114.47321428571429
67.0,4,3,138.25
67.0,4,4,121.57692307692308
68.0,1,1,129.73333333333332
68.0,1,2,119.56842105263158
68.0,1,3,125.33333333333333
68.0,1,4,121.03571428571429
68.0,2,1,127.44642857142857
68.0,2,2,113.7
68.0,2,3,98.0
68.0,2,4,134.20833333333334
68.0,3,1,129.5
68.0,3,2,113.20879120879121
68.0,3,3,128.5
68.0,3,4,123.06818181818181
68.0,4,1,121.48214285714286
68.0,4,2,114.27777777777777
68.0,4,3,136.0
68.0,4,4,119.69565217391305
69.0,1,1,123.40425531914893
69.0,1,2,106.45
69.0,1,3,126.375
69.0,1,4,111.52631578947368
69.0,2,1,126.76470588235294
69.0,2,2,118.28888888888889
69.0,2,3,123.0
69.0,2,4,130.375
69.0,3,1,115.875
69.0,3,2,126.875
69.0,3,3,121.0
69.0,3,4,112.24324324324324
69.0,4,1,130.25531914893617
69.0,4,2,119.05633802816901
69.0,4,3,122.42857142857143
69.0,4,4,108.5925925925926
70.0,1,1,113.23728813559322
70.0,1,2,107.51948051948052
70.0,1,3,110.57142857142857
70.0,1,4,143.46153846153845
70.0,2,1,124.86486486486487
70.0,2,2,124.52941176470588
70.0,2,3,176.0
70.0,2,4,116.19354838709677
70.0,3,1,119.72972972972973
70.0,3,2,114.54098360655738
70.0,3,3,76.0
70.0,3,4,126.2
70.0,4,1,123.78571428571429
70.0,4,2,114.50666666666666
70.0,4,3,119.5
70.0,4,4,135.16666666666666
71.0,1,1,113.95121951219512
71.0,1,2,114.24074074074075
71.0,1,3,118.71428571428571
71.0,1,4,128.63636363636363
71.0,2,1,119.26315789473684
71.0,2,2,120.0
71.0,2,3,149.0
71.0,2,4,136.17391304347825
71.0,3,1,114.57142857142857
71.0,3,2,121.48
71.0,3,3,39.0
71.0,3,4,137.68
71.0,4,1,125.37931034482759
71.0,4,2,117.02439024390245
71.0,4,3,133.72727272727272
71.0,4,4,115.13888888888889
72.0,1,1,119.375
72.0,1,2,116.50847457627118
72.0,1,3,130.5
72.0,1,4,127.54838709677419
72.0,2,1,128.2391304347826
72.0,2,2,137.9433962264151
72.0,2,3,130.66666666666666
72.0,2,4,124.33333333333333
72.0,3,1,118.66666666666667
72.0,3,2,125.98245614035088
72.0,3,3,103.33333333333333
72.0,3,4,127.25925925925925
72.0,4,1,123.35087719298245
72.0,4,2,119.79629629629629
72.0,4,3,123.4
72.0,4,4,133.28571428571428
73.0,1,1,115.37931034482759
73.0,1,2,109.47826086956522
73.0,1,3,115.7
73.0,1,4,112.95652173913044
73.0,2,1,123.84210526315789
73.0,2,2,116.11627906976744
73.0,2,3,288.0
73.0,2,4,121.6896551724138
73.0,3,1,128.0909090909091
73.0,3,2,128.45238095238096
73.0,3,3,122.75
73.0,3,4,118.28571428571429
73.0,4,1,137.19444444444446
73.0,4,2,114.5111111111111
73.0,4,3,122.11111111111111
73.0,4,4,123.63157894736842
74.0,1,1,132.72093023255815
74.0,1,2,110.63888888888889
74.0,1,3,113.0
74.0,1,4,126.21739130434783
74.0,2,1,138.4878048780488
74.0,2,2,133.0
74.0,2,3,127.0
74.0,2,4,122.57894736842105
74.0,3,1,120.30188679245283
74.0,3,2,124.73333333333333
74.0,3,3,144.66666666666666
74.0,3,4,116.44444444444444
74.0,4,1,124.9
74.0,4,2,111.75555555555556
74.0,4,3,124.375
74.0,4,4,118.75
75.0,1,1,129.14285714285714
75.0,1,2,125.86046511627907
75.0,1,3,113.91666666666667
75.0,1,4,117.0
75.0,2,1,123.55555555555556
75.0,2,2,130.92592592592592
75.0,2,3,117.0
75.0,2,4,133.8
75.0,3,1,137.0
75.0,3,2,108.0
75.0,3,3,131.0
75.0,3,4,123.16666666666667
75.0,4,1,130.78787878787878
75.0,4,2,109.84615384615384
75.0,4,3,121.75
75.0,4,4,116.37037037037037
76.0,1,1,112.36363636363636
76.0,1,2,133.6
76.0,1,3,124.75
76.0,1,4,128.8108108108108
76.0,2,1,135.37142857142857
76.0,2,2,117.1304347826087
76.0,2,3,126.44444444444444
76.0,2,4,120.1
76.0,3,1,125.45833333333333
76.0,3,2,113.51612903225806
76.0,3,3,110.5
76.0,3,4,128.5
76.0,4,1,128.1
76.0,4,2,103.6
76.0,4,3,120.66666666666667
76.0,4,4,109.59375
77.0,1,1,105.33333333333333
77.0,1,2,119.42307692307692
77.0,1,3,109.75
77.0,1,4,146.72222222222223
77.0,2,1,114.8048780487805
77.0,2,2,126.3157894736842
77.0,2,3,125.45454545454545
77.0,2,4,94.0
77.0,3,1,120.14814814814815
77.0,3,2,108.63636363636364
77.0,3,3,104.875
77.0,3,4,107.0
77.0,4,1,124.88095238095238
77.0,4,2,122.21739130434783
77.0,4,3,128.3846153846154
77.0,4,4,122.65
78.0,1,1,123.54545454545455
78.0,1,2,135.16666666666666
78.0,1,3,106.16666666666667
78.0,1,4,117.5625
78.0,2,1,125.84210526315789
78.0,2,2,116.65217391304348
78.0,2,3,106.44444444444444
78.0,2,4,134.42857142857142
78.0,3,1,132.6346153846154
78.0,3,2,119.4
78.0,3,3,84.4
78.0,3,4,120.06666666666666
78.0,4,1,128.29032258064515
78.0,4,2,131.6206896551724
78.0,4,3,119.0
78.0,4,4,119.43478260869566
79.0,1,1,120.53846153846153
79.0,1,2,110.72727272727273
79.0,1,3,126.94736842105263
79.0,1,4,111.84615384615384
79.0,2,1,123.82758620689656
79.0,2,2,132.35714285714286
79.0,2,3,113.45454545454545
79.0,2,4,133.71428571428572
79.0,3,1,120.71428571428571
79.0,3,2,110.38461538461539
79.0,3,3,109.0
79.0,3,4,118.6086956521739
79.0,4,1,103.86666666666666
79.0,4,2,115.10526315789474
79.0,4,3,128.55555555555554
79.0,4,4,120.1
80.0,1,1,127.65853658536585
80.0,1,2,134.0
80.0,1,3,123.66666666666667
80.0,1,4,149.30434782608697
80.0,2,1,127.48837209302326
80.0,2,2,120.33333333333333
80.0,2,3,113.25
80.0,2,4,121.75
80.0,3,1,124.97297297297297
80.0,3,2,111.375
80.0,3,3,106.33333333333333
80.0,3,4,123.55
80.0,4,1,114.35135135135135
80.0,4,2,140.0952380952381
80.0,4,3,115.33333333333333
80.0,4,4,175.6875
81.0,1,1,137.88571428571427
81.0,1,2,132.36363636363637
81.0,1,3,106.05555555555556
81.0,1,4,127.875
81.0,2,1,117.97368421052632
81.0,2,2,108.0
81.0,2,3,107.65
81.0,2,4,111.47619047619048
81.0,3,1,109.6
81.0,3,2,124.5
81.0,3,3,99.92857142857143
81.0,3,4,142.46153846153845
81.0,4,1,120.38461538461539
81.0,4,2,129.8125
81.0,4,3,116.73333333333333
81.0,4,4,147.25
82.0,1,1,125.65714285714286
82.0,1,2,120.23076923076923
82.0,1,3,100.25925925925925
82.0,1,4,106.75
82.0,2,1,116.77777777777777
82.0,2,2,122.33333333333333
82.0,2,3,115.05555555555556
82.0,2,4,120.41176470588235
82.0,3,1,110.91666666666667
82.0,3,2,150.6315789473684
82.0,3,3,106.72222222222223
82.0,3,4,118.84210526315789
82.0,4,1,118.6470588235294
82.0,4,2,147.41666666666666
82.0,4,3,102.74074074074075
82.0,4,4,129.86666666666667
83.0,1,1,130.05882352941177
83.0,1,2,123.72727272727273
83.0,1,3,107.88461538461539
83.0,1,4,114.3125
83.0,2,1,120.13793103448276
83.0,2,2,137.1818181818182
83.0,2,3,107.33333333333333
83.0,2,4,128.83333333333334
83.0,3,1,122.48387096774194
83.0,3,2,102.54545454545455
83.0,3,3,99.5
83.0,3,4,121.42857142857143
83.0,4,1,127.33333333333333
83.0,4,2,135.94736842105263
83.0,4,3,97.66666666666667
83.0,4,4,108.76190476190476
84.0,1,1,132.74418604651163
84.0,1,2,135.63636363636363
84.0,1,3,105.47368421052632
84.0,1,4,124.20833333333333
84.0,2,1,124.54054054054055
84.0,2,2,126.6
84.0,2,3,98.36842105263158
84.0,2,4,105.3076923076923
84.0,3,1,138.3783783783784
84.0,3,2,107.46153846153847
84.0,3,3,106.85714285714286
84.0,3,4,92.72222222222223
84.0,4,1,123.5
84.0,4,2,108.5
84.0,4,3,109.16129032258064
84.0,4,4,116.73684210526316
85.0,1,1,122.15384615384616
85.0,1,2,121.11111111111111
85.0,1,3,105.73529411764706
85.0,1,4,128.5625
85.0,2,1,117.95833333333333
85.0,2,2,122.66666666666667
85.0,2,3,103.58333333333333
85.0,2,4,119.75
85.0,3,1,121.65853658536585
85.0,3,2,113.66666666666667
85.0,3,3,103.8695652173913
85.0,3,4,116.23809523809524
85.0,4,1,109.38095238095238
85.0,4,2,106.75
85.0,4,3,106.57142857142857
85.0,4,4,114.6
86.0,1,1,131.87179487179486
86.0,1,2,124.45454545454545
86.0,1,3,110.78378378378379
86.0,1,4,135.85714285714286
86.0,2,1,130.28205128205127
86.0,2,2,138.75
86.0,2,3,109.26666666666667
86.0,2,4,113.76190476190476
86.0,3,1,118.17948717948718
86.0,3,2,123.42857142857143
86.0,3,3,103.15151515151516
86.0,3,4,129.05555555555554
86.0,4,1,112.93333333333334
86.0,4,2,132.8
86.0,4,3,99.97142857142858
86.0,4,4,114.73684210526316
87.0,1,1,123.48484848484848
87.0,1,2,105.2
87.0,1,3,106.21621621621621
87.0,1,4,121.78571428571429
87.0,2,1,112.60975609756098
87.0,2,2,134.57142857142858
87.0,2,3,103.28571428571429
87.0,2,4,113.61538461538461
87.0,3,1,128.875
87.0,3,2,140.72727272727272
87.0,3,3,100.61538461538461
87.0,3,4,104.3
87.0,4,1,123.41935483870968
87.0,4,2,101.0
87.0,4,3,104.625
87.0,4,4,110.29411764705883
88.0,1,1,119.69444444444444
88.0,1,2,93.6
88.0,1,3,98.40384615384616
88.0,1,4,132.6875
88.0,2,1,132.31578947368422
88.0,2,2,87.0
88.0,2,3,98.86842105263158
88.0,2,4,98.2
88.0,3,1,128.1290322580645
88.0,3,2,133.0
88.0,3,3,98.16666666666667
88.0,3,4,111.05882352941177
88.0,4,1,122.58536585365853
88.0,4,2,132.375
88.0,4,3,108.11904761904762
88.0,4,4,117.42857142857143
89.0,1,1,121.36170212765957
89.0,1,2,107.83333333333333
89.0,1,3,98.61363636363636
89.0,1,4,99.78571428571429
89.0,2,1,129.73076923076923
89.0,2,2,104.33333333333333
89.0,2,3,102.17857142857143
89.0,2,4,138.1
89.0,3,1,123.45714285714286
89.0,3,2,133.57142857142858
89.0,3,3,98.55813953488372
89.0,3,4,121.0
89.0,4,1,118.43181818181819
89.0,4,2,139.14285714285714
89.0,4,3,100.53225806451613
89.0,4,4,124.11111111111111
90.0,1,1,122.93478260869566
90.0,1,2,122.5
90.0,1,3,100.50877192982456
90.0,1,4,103.25
90.0,2,1,122.78571428571429
90.0,2,2,119.36363636363636
90.0,2,3,103.92
90.0,2,4,103.23529411764706
90.0,3,1,122.42424242424242
90.0,3,2,137.8
90.0,3,3,92.375
90.0,3,4,94.33333333333333
90.0,4,1,125.8780487804878
90.0,4,2,114.125
90.0,4,3,99.48076923076923
90.0,4,4,117.41666666666667
91.0,1,1,125.16666666666667
91.0,1,2,146.875
91.0,1,3,101.07272727272728
91.0,1,4,114.0909090909091
91.0,2,1,121.33333333333333
91.0,2,2,113.5
91.0,2,3,103.60714285714286
91.0,2,4,125.0
91.0,3,1,120.33333333333333
91.0,3,2,147.5
91.0,3,3,101.20754716981132
91.0,3,4,93.53846153846153
91.0,4,1,120.90697674418605
91.0,4,2,114.11111111111111
91.0,4,3,100.88636363636364
91.0,4,4,108.92307692307692
92.0,1,1,116.66666666666667
92.0,1,2,113.0
92.0,1,3,102.6470588235294
92.0,1,4,130.30769230769232
92.0,2,1,138.57142857142858
92.0,2,2,135.75
92.0,2,3,99.52941176470588
92.0,2,4,138.8421052631579
92.0,3,1,128.2
92.0,3,2,139.1818181818182
92.0,3,3,93.92
92.0,3,4,131.53846153846155
92.0,4,1,115.4186046511628
92.0,4,2,124.0
92.0,4,3,101.84615384615384
92.0,4,4,115.38461538461539
93.0,1,1,115.53846153846153
93.0,1,2,104.0
93.0,1,3,97.9625
93.0,1,4,129.0
93.0,2,1,123.625
93.0,2,2,199.0
93.0,2,3,100.23529411764706
93.0,2,4,95.14285714285714
93.0,3,1,121.62962962962963
93.0,3,2,177.0
93.0,3,3,98.88461538461539
93.0,3,4,102.33333333333333
93.0,4,1,113.10714285714286
93.0,4,2,112.66666666666667
93.0,4,3,107.04918032786885
93.0,4,4,128.44444444444446
94.0,1,1,113.67441860465117
94.0,1,2,84.25
94.0,1,3,96.28169014084507
94.0,1,4,129.14285714285714
94.0,2,1,123.4
94.0,2,2,80.5
94.0,2,3,99.87692307692308
94.0,2,4,131.42857142857142
94.0,3,1,126.55555555555556
94.0,3,2,155.2
94.0,3,3,96.33928571428571
94.0,3,4,95.58823529411765
94.0,4,1,116.44
94.0,4,2,119.83333333333333
94.0,4,3,98.44594594594595
94.0,4,4,127.9047619047619
95.0,1,1,117.86111111111111
95.0,1,2,181.5
95.0,1,3,96.70270270270271
95.0,1,4,136.125
95.0,2,1,115.73333333333333
95.0,2,2,119.0
95.0,2,3,97.44285714285714
95.0,2,4,114.53846153846153
95.0,3,1,122.18181818181819
95.0,3,2,99.2
95.0,3,3,101.07246376811594
95.0,3,4,120.0
95.0,4,1,117.53571428571429
95.0,4,2,119.4
95.0,4,3,97.28169014084507
95.0,4,4,117.6923076923077
96.0,1,1,117.91836734693878
96.0,1,2,108.0
96.0,1,3,98.56164383561644
96.0,1,4,104.84615384615384
96.0,2,1,121.66666666666667
96.0,2,2,170.75
96.0,2,3,99.64179104477611
96.0,2,4,113.8
96.0,3,1,122.39024390243902
96.0,3,2,112.66666666666667
96.0,3,3,97.828125
96.0,3,4,128.6
96.0,4,1,125.07692307692308
96.0,4,2,105.57142857142857
96.0,4,3,98.76712328767124
96.0,4,4,88.21428571428571
97.0,1,1,118.75
97.0,1,2,100.25
97.0,1,3,101.7710843373494
97.0,1,4,96.36363636363636
97.0,2,1,118.24
97.0,2,2,110.33333333333333
97.0,2,3,103.28985507246377
97.0,2,4,106.0
97.0,3,1,113.48
97.0,3,2,119.0
97.0,3,3,96.31645569620254
97.0,3,4,145.63636363636363
97.0,4,1,124.03333333333333
97.0,4,2,143.33333333333334
97.0,4,3,95.42391304347827
97.0,4,4,97.71428571428571
98.0,1,1,121.21875
98.0,1,2,110.0
98.0,1,3,98.85185185185185
98.0,1,4,105.0
98.0,2,1,114.83333333333333
98.0,2,2,140.2
98.0,2,3,97.09677419354838
98.0,2,4,112.70588235294117
98.0,3,1,109.41935483870968
98.0,3,2,112.33333333333333
98.0,3,3,98.72151898734177
98.0,3,4,105.92857142857143
98.0,4,1,113.11111111111111
98.0,4,2,96.57142857142857
98.0,4,3,97.75471698113208
98.0,4,4,105.3
99.0,1,1,127.87096774193549
99.0,1,2,173.0
99.0,1,3,97.875
99.0,1,4,99.125
99.0,2,1,105.80952380952381
99.0,2,2,176.0
99.0,2,3,97.51456310679612
99.0,2,4,85.66666666666667
99.0,3,1,110.30434782608695
99.0,3,2,148.33333333333334
99.0,3,3,97.14444444444445
99.0,3,4,78.6
99.0,4,1,113.8695652173913
99.0,4,2,100.85714285714286
99.0,4,3,97.55963302752293
99.0,4,4,116.875
100.0,1,1,115.47619047619048
100.0,1,2,100.0
100.0,1,3,99.38541666666667
100.0,1,4,89.70588235294117
100.0,2,1,113.43478260869566
100.0,2,2,129.6
100.0,2,3,101.43181818181819
100.0,2,4,157.25
100.0,3,1,108.61111111111111
100.0,3,2,85.0
100.0,3,3,100.06666666666666
100.0,3,4,120.72727272727273
100.0,4,1,114.40625
100.0,4,2,139.33333333333334
100.0,4,3,95.51219512195122
100.0,4,4,80.91666666666667
101.0,1,1,104.45833333333333
101.0,1,2,62.0
101.0,1,3,94.59302325581395
101.0,1,4,88.66666666666667
101.0,2,1,111.10526315789474
101.0,2,2,118.66666666666667
101.0,2,3,100.80232558139535
101.0,2,4,170.25
101.0,3,1,113.0
101.0,3,2,130.75
101.0,3,3,95.46575342465754
101.0,3,4,68.91666666666667
101.0,4,1,123.12121212121212
101.0,4,2,98.33333333333333
101.0,4,3,96.51063829787235
101.0,4,4,95.53846153846153
102.0,1,1,123.97435897435898
102.0,1,2,169.0
102.0,1,3,92.9390243902439
102.0,1,4,147.33333333333334
102.0,2,1,124.525
102.0,2,2,94.5
102.0,2,3,96.48913043478261
102.0,2,4,80.14285714285714
102.0,3,1,122.79545454545455
102.0,3,2,142.66666666666666
102.0,3,3,97.48780487804878
102.0,3,4,125.83333333333333
102.0,4,1,127.46153846153847
102.0,4,2,123.0
102.0,4,3,97.0
102.0,4,4,121.0
103.0,1,1,113.25
103.0,1,2,86.75
103.0,1,3,96.54901960784314
103.0,1,4,106.07692307692308
103.0,2,1,109.8076923076923
103.0,2,2,92.0
103.0,2,3,92.37
103.0,2,4,85.33333333333333
103.0,3,1,116.65217391304348
103.0,3,2,168.33333333333334
103.0,3,3,96.05813953488372
103.0,3,4,108.57142857142857
103.0,4,1,116.72727272727273
103.0,4,2,153.0
103.0,4,3,96.30588235294118
103.0,4,4,103.0
104.0,1,1,122.22222222222223
104.0,1,2,180.5
104.0,1,3,92.07692307692308
104.0,1,4,87.75
104.0,2,1,120.7
104.0,2,2,102.5
104.0,2,3,98.82882882882883
104.0,2,4,101.0
104.0,3,1,114.21428571428571
104.0,3,2,219.0
104.0,3,3,96.77450980392157
104.0,3,4,121.875
104.0,4,1,119.13333333333334
104.0,4,3,95.66
104.0,4,4,120.85714285714286
105.0,1,1,121.82608695652173
105.0,1,2,86.0
105.0,1,3,95.65217391304348
105.0,1,4,97.11111111111111
105.0,2,1,117.875
105.0,2,2,115.0
105.0,2,3,97.07207207207207
105.0,2,4,87.2
105.0,3,1,117.17241379310344
105.0,3,2,99.66666666666667
105.0,3,3,96.11320754716981
105.0,3,4,125.625
105.0,4,1,123.75
105.0,4,2,176.0
105.0,4,3,92.8780487804878
105.0,4,4,129.88888888888889
106.0,1,1,113.82608695652173
106.0,1,2,84.0
106.0,1,3,90.94845360824742
106.0,1,4,118.0
106.0,2,1,114.05882352941177
106.0,2,3,93.83177570093459
106.0,2,4,143.36363636363637
106.0,3,1,123.05
106.0,3,2,115.0
106.0,3,3,91.21052631578948
106.0,3,4,112.07142857142857
106.0,4,1,125.63636363636364
106.0,4,2,222.0
106.0,4,3,95.25742574257426
106.0,4,4,107.0
107.0,1,1,119.15789473684211
107.0,1,2,88.33333333333333
107.0,1,3,94.44444444444444
107.0,1,4,102.36363636363636
107.0,2,1,116.66666666666667
107.0,2,2,138.5
107.0,2,3,94.38541666666667
107.0,2,4,95.71428571428571
107.0,3,1,105.53333333333333
107.0,3,2,121.66666666666667
107.0,3,3,95.4375
107.0,3,4,74.11111111111111
107.0,4,1,118.88461538461539
107.0,4,2,122.0
107.0,4,3,95.01941747572816
107.0,4,4,104.81818181818181
108.0,1,1,118.73076923076923
108.0,1,2,161.0
108.0,1,3,91.8265306122449
108.0,1,4,85.4
108.0,2,1,128.3
108.0,2,2,175.0
108.0,2,3,96.75
108.0,2,4,109.25
108.0,3,1,121.82758620689656
108.0,3,2,96.5
108.0,3,3,96.44578313253012
108.0,3,4,112.0
108.0,4,1,113.5
108.0,4,2,107.75
108.0,4,3,95.10526315789474
108.0,4,4,85.75
109.0,1,1,119.29411764705883
109.0,1,3,95.82795698924731
109.0,1,4,100.73333333333333
109.0,2,1,108.18181818181819
109.0,2,2,92.0
109.0,2,3,93.27777777777777
109.0,2,4,129.16666666666666
109.0,3,1,118.64285714285714
109.0,3,3,92.25263157894737
109.0,3,4,113.66666666666667
109.0,4,1,113.9090909090909
109.0,4,2,182.25
109.0,4,3,93.5940594059406
109.0,4,4,50.333333333333336
110.0,1,1,115.08333333333333
110.0,1,2,126.5
110.0,1,3,94.01
110.0,1,4,93.25
110.0,2,1,119.07407407407408
110.0,2,2,146.0
110.0,2,3,92.65625
110.0,2,4,83.75
110.0,3,1,120.12
110.0,3,2,94.0
110.0,3,3,95.8395061728395
110.0,3,4,124.1
110.0,4,1,107.03225806451613
110.0,4,2,162.0
110.0,4,3,94.21008403361344
110.0,4,4,131.53846153846155
111.0,1,1,120.26923076923077
111.0,1,3,95.43589743589743
111.0,1,4,72.0
111.0,2,1,103.6
111.0,2,2,146.0
111.0,2,3,95.53684210526316
111.0,2,4,87.72727272727273
111.0,3,1,118.04545454545455
111.0,3,2,122.0
111.0,3,3,92.55
111.0,3,4,124.16666666666667
111.0,4,1,118.42857142857143
111.0,4,2,113.0
111.0,4,3,95.74285714285715
111.0,4,4,69.0
112.0,1,1,109.66666666666667
112.0,1,2,173.33333333333334
112.0,1,3,94.62135922330097
112.0,1,4,179.0
112.0,2,1,111.84
112.0,2,2,94.0
112.0,2,3,92.38235294117646
112.0,2,4,92.75
112.0,3,1,107.06666666666666
112.0,3,3,93.17708333333333
112.0,3,4,60.333333333333336
112.0,4,1,109.42857142857143
112.0,4,3,92.20987654320987
112.0,4,4,133.83333333333334
113.0,1,1,108.6086956521739
113.0,1,2,81.0
113.0,1,3,89.4375
113.0,1,4,120.8
113.0,2,1,96.35714285714286
113.0,2,2,150.0
113.0,2,3,94.89772727272727
113.0,2,4,79.0
113.0,3,1,108.8
113.0,3,3,93.16279069767442
113.0,3,4,93.625
113.0,4,1,113.44
113.0,4,2,271.0
113.0,4,3,95.84466019417475
113.0,4,4,85.88888888888889
114.0,1,1,114.6086956521739
114.0,1,2,134.5
114.0,1,3,92.60204081632654
114.0,1,4,97.5
114.0,2,1,119.22222222222223
114.0,2,2,176.0
114.0,2,3,91.34782608695652
114.0,2,4,90.6923076923077
114.0,3,1,112.4074074074074
114.0,3,2,131.5
114.0,3,3,91.35106382978724
114.0,3,4,105.75
114.0,4,1,125.03846153846153
114.0,4,2,111.66666666666667
114.0,4,3,93.93975903614458
114.0,4,4,122.83333333333333
115.0,1,1,107.54545454545455
115.0,1,2,146.0
115.0,1,3,90.66292134831461
115.0,1,4,123.0
115.0,2,1,118.5
115.0,2,2,140.0
115.0,2,3,94.41666666666667
115.0,2,4,86.33333333333333
115.0,3,1,120.6470588235294
115.0,3,2,79.5
115.0,3,3,93.63218390804597
115.0,3,4,105.6
115.0,4,1,135.08333333333334
115.0,4,2,211.0
115.0,4,3,94.25242718446601
115.0,4,4,113.33333333333333
116.0,1,1,114.38461538461539
116.0,1,2,179.0
116.0,1,3,91.33333333333333
116.0,1,4,119.9090909090909
116.0,2,1,111.95
116.0,2,3,92.30434782608695
116.0,2,4,103.16666666666667
116.0,3,1,112.45833333333333
116.0,3,2,144.0
116.0,3,3,89.57831325301204
116.0,3,4,105.42857142857143
116.0,4,1,96.4
116.0,4,3,89.48529411764706
116.0,4,4,117.14285714285714
117.0,1,1,113.4375
117.0,1,2,104.0
117.0,1,3,87.45833333333333
117.0,1,4,105.85714285714286
117.0,2,1,138.6153846153846
117.0,2,2,121.0
117.0,2,3,90.96923076923076
117.0,2,4,75.66666666666667
117.0,3,1,110.21052631578948
117.0,3,3,96.41818181818182
117.0,3,4,133.66666666666666
117.0,4,1,105.78947368421052
117.0,4,2,153.0
117.0,4,3,90.88311688311688
117.0,4,4,115.66666666666667
118.0,1,1,110.03703703703704
118.0,1,3,89.58108108108108
118.0,1,4,120.5
118.0,2,1,133.0
118.0,2,3,96.11764705882354
118.0,2,4,71.5
118.0,3,1,126.54166666666667
118.0,3,2,125.0
118.0,3,3,95.14864864864865
118.0,3,4,82.44444444444444
118.0,4,1,116.2
118.0,4,3,90.65753424657534
118.0,4,4,116.11111111111111
119.0,1,1,109.38095238095238
119.0,1,2,92.0
119.0,1,3,90.61111111111111
119.0,1,4,115.4
119.0,2,1,119.8
119.0,2,3,94.27777777777777
119.0,2,4,53.5
119.0,3,1,119.4
119.0,3,2,201.0
119.0,3,3,94.14634146341463
119.0,3,4,142.5
119.0,4,1,113.15789473684211
119.0,4,2,69.0
119.0,4,3,90.1891891891892
119.0,4,4,120.25
120.0,1,1,117.05555555555556
120.0,1,2,123.0
120.0,1,3,90.30508474576271
120.0,1,4,111.33333333333333
120.0,2,1,116.5
120.0,2,2,138.0
120.0,2,3,96.05555555555556
120.0,2,4,64.0
120.0,3,1,98.78571428571429
120.0,3,2,95.0
120.0,3,3,94.8108108108108
120.0,3,4,129.75
120.0,4,1,125.88235294117646
120.0,4,3,90.72727272727273
120.0,4,4,124.5
121.0,1,1,128.42857142857142
121.0,1,3,93.61538461538461
121.0,1,4,74.33333333333333
121.0,2,1,128.9375
121.0,2,2,81.0
121.0,2,3,90.05797101449275
121.0,2,4,69.66666666666667
121.0,3,1,93.29411764705883
121.0,3,2,122.0
121.0,3,3,92.75
121.0,3,4,85.5
121.0,4,1,111.7
121.0,4,2,167.0
121.0,4,3,95.91071428571429
121.0,4,4,105.66666666666667
122.0,1,1,124.41666666666667
122.0,1,2,104.0
122.0,1,3,89.05555555555556
122.0,1,4,69.0
122.0,2,1,110.44444444444444
122.0,2,2,132.5
122.0,2,3,89.36666666666666
122.0,2,4,124.25
122.0,3,1,118.23529411764706
122.0,3,3,92.37974683544304
122.0,3,4,101.83333333333333
122.0,4,1,119.74074074074075
122.0,4,2,141.5
122.0,4,3,93.50769230769231
122.0,4,4,105.25
123.0,1,1,104.15384615384616
123.0,1,3,92.63793103448276
123.0,1,4,108.5
123.0,2,1,104.71428571428571
123.0,2,2,165.0
123.0,2,3,91.45652173913044
123.0,2,4,122.0
123.0,3,1,112.5
123.0,3,3,92.03076923076924
123.0,3,4,93.0
123.0,4,1,109.07692307692308
123.0,4,2,99.0
123.0,4,3,88.47457627118644
123.0,4,4,61.0
124.0,1,1,110.71428571428571
124.0,1,3,94.64814814814815
124.0,1,4,107.83333333333333
124.0,2,1,129.33333333333334
124.0,2,3,98.62711864406779
124.0,2,4,193.0
124.0,3,1,119.52631578947368
124.0,3,2,221.5
124.0,3,3,90.31147540983606
124.0,3,4,133.33333333333334
124.0,4,1,109.68181818181819
124.0,4,3,93.98412698412699
124.0,4,4,86.5
125.0,1,1,113.35
125.0,1,2,118.0
125.0,1,3,91.38461538461539
125.0,1,4,128.0
125.0,2,1,115.81818181818181
125.0,2,3,91.29268292682927
125.0,2,4,82.0
125.0,3,1,107.6
125.0,3,3,96.47272727272727
125.0,3,4,162.0
125.0,4,1,116.0
125.0,4,2,102.0
125.0,4,3,90.55223880597015
125.0,4,4,140.0
126.0,1,1,101.95238095238095
126.0,1,2,76.33333333333333
126.0,1,3,95.03921568627452
126.0,1,4,98.0
126.0,2,1,125.44444444444444
126.0,2,3,95.4047619047619
126.0,2,4,111.33333333333333
126.0,3,1,130.76470588235293
126.0,3,2,85.0
126.0,3,3,94.02173913043478
126.0,3,4,94.5
126.0,4,1,112.43478260869566
126.0,4,3,95.44680851063829
127.0,1,1,123.4
127.0,1,2,188.0
127.0,1,3,95.54901960784314
127.0,1,4,172.0
127.0,2,1,115.94117647058823
127.0,2,3,92.8048780487805
127.0,3,1,108.0
127.0,3,3,96.125
127.0,3,4,122.5
127.0,4,1,114.83333333333333
127.0,4,2,120.0
127.0,4,3,92.17241379310344
127.0,4,4,88.16666666666667
128.0,1,1,113.0
128.0,1,3,89.16326530612245
128.0,1,4,170.5
128.0,2,1,114.58333333333333
128.0,2,2,126.0
128.0,2,3,90.22222222222223
128.0,3,1,115.72
128.0,3,2,70.0
128.0,3,3,88.92682926829268
128.0,4,1,96.07692307692308
128.0,4,2,220.0
128.0,4,3,87.22727272727273
128.0,4,4,119.5
129.0,1,1,98.1
129.0,1,3,93.2051282051282
129.0,1,4,140.5
129.0,2,1,97.42857142857143
129.0,2,3,90.4
129.0,2,4,150.2
129.0,3,1,123.61538461538461
129.0,3,2,76.5
129.0,3,3,94.3529411764706
129.0,4,1,114.375
129.0,4,3,90.62790697674419
129.0,4,4,178.0
130.0,1,1,110.54545454545455
130.0,1,2,105.0
130.0,1,3,91.75
130.0,1,4,107.0
130.0,2,1,120.96
130.0,2,2,133.0
130.0,2,3,91.11904761904762
130.0,2,4,68.66666666666667
130.0,3,1,118.6470588235294
130.0,3,3,92.91111111111111
130.0,3,4,90.0
130.0,4,1,114.18181818181819
130.0,4,2,143.0
130.0,4,3,96.52777777777777
130.0,4,4,100.66666666666667
131.0,1,1,120.6470588235294
131.0,1,3,87.95121951219512
131.0,1,4,132.5
131.0,2,1,106.33333333333333
131.0,2,3,91.83870967741936
131.0,2,4,145.0
131.0,3,1,113.33333333333333
131.0,3,3,91.48979591836735
131.0,3,4,134.71428571428572
131.0,4,1,117.8125
131.0,4,3,92.4375
131.0,4,4,90.125
132.0,1,1,107.58823529411765
132.0,1,3,87.925
132.0,1,4,124.0
132.0,2,1,112.76923076923077
132.0,2,2,127.5
132.0,2,3,99.93333333333334
132.0,2,4,125.0
132.0,3,1,110.66666666666667
132.0,3,2,150.33333333333334
132.0,3,3,94.34693877551021
132.0,3,4,88.8
132.0,4,1,116.11111111111111
132.0,4,2,91.0
132.0,4,3,91.57142857142857
132.0,4,4,120.75
133.0,1,1,112.625
133.0,1,3,94.09677419354838
133.0,1,4,258.0
133.0,2,1,111.92857142857143
133.0,2,2,63.0
133.0,2,3,94.66666666666667
133.0,2,4,117.0
133.0,3,1,115.75
133.0,3,3,91.6
133.0,3,4,124.0
133.0,4,1,97.66666666666667
133.0,4,2,241.0
133.0,4,3,91.05263157894737
133.0,4,4,158.5
134.0,1,1,103.28571428571429
134.0,1,2,140.0
134.0,1,3,90.88888888888889
134.0,1,4,105.33333333333333
134.0,2,1,104.9090909090909
134.0,2,3,99.03125
134.0,2,4,168.0
134.0,3,1,106.5625
134.0,3,3,96.46875
134.0,3,4,139.0
134.0,4,1,115.125
134.0,4,2,126.5
134.0,4,3,97.77777777777777
134.0,4,4,82.5
135.0,1,1,100.0
135.0,1,3,87.07692307692308
135.0,2,1,127.66666666666667
135.0,2,3,99.94117647058823
135.0,3,1,106.83333333333333
135.0,3,2,140.5
135.0,3,3,87.05714285714286
135.0,3,4,202.0
135.0,4,1,119.5
135.0,4,2,175.0
135.0,4,3,83.07692307692308
135.0,4,4,106.0
136.0,1,1,102.44444444444444
136.0,1,3,93.55882352941177
136.0,1,4,82.0
136.0,2,1,114.57142857142857
136.0,2,3,89.83333333333333
136.0,2,4,122.25
136.0,3,1,113.85714285714286
136.0,3,2,98.0
136.0,3,3,97.05882352941177
136.0,3,4,76.33333333333333
136.0,4,1,123.6875
136.0,4,3,102.19047619047619
136.0,4,4,130.0
137.0,1,1,146.375
137.0,1,2,76.0
137.0,1,3,88.775
137.0,1,4,100.0
137.0,2,1,104.1
137.0,2,3,88.07692307692308
137.0,3,1,89.0
137.0,3,3,96.25
137.0,3,4,107.0
137.0,4,1,101.71428571428571
137.0,4,3,94.09677419354838
138.0,1,1,105.38461538461539
138.0,1,2,66.0
138.0,1,3,99.79310344827586
138.0,1,4,164.0
138.0,2,1,101.625
138.0,2,2,148.0
138.0,2,3,97.0952380952381
138.0,2,4,142.0
138.0,3,1,119.33333333333333
138.0,3,3,95.39393939393939
138.0,3,4,159.5
138.0,4,1,108.88888888888889
138.0,4,3,90.73076923076923
138.0,4,4,149.0
139.0,1,1,123.875
139.0,1,3,98.60714285714286
139.0,2,1,120.0
139.0,2,3,88.11111111111111
139.0,3,1,134.2
139.0,3,2,166.0
139.0,3,3,92.0
139.0,3,4,89.0
139.0,4,1,122.0
139.0,4,3,100.63636363636364
139.0,4,4,197.0
140.0,1,1,115.16666666666667
140.0,1,2,82.0
140.0,1,3,89.55
140.0,1,4,65.5
140.0,2,1,99.66666666666667
140.0,2,3,94.91666666666667
140.0,2,4,144.4
140.0,3,1,111.875
140.0,3,2,108.5
140.0,3,3,95.36
140.0,3,4,119.0
140.0,4,1,109.07692307692308
140.0,4,3,95.47826086956522
140.0,4,4,104.0
141.0,1,1,98.45454545454545
141.0,1,3,86.65384615384616
141.0,2,1,98.1
141.0,2,3,102.92857142857143
141.0,2,4,50.0
141.0,3,1,168.2
141.0,3,2,68.0
141.0,3,3,93.5
141.0,3,4,120.0
141.0,4,1,88.83333333333333
141.0,4,3,81.61111111111111
141.0,4,4,112.66666666666667
142.0,1,1,112.44444444444444
142.0,1,2,88.0
142.0,1,3,86.6875
142.0,1,4,160.5
142.0,2,1,119.72727272727273
142.0,2,2,74.0
142.0,2,3,98.33333333333333
142.0,2,4,177.0
142.0,3,1,113.33333333333333
142.0,3,3,106.88
142.0,3,4,152.66666666666666
142.0,4,1,129.4
142.0,4,3,92.625
142.0,4,4,52.0
143.0,1,1,150.11111111111111
143.0,1,3,88.83333333333333
143.0,2,1,116.85714285714286
143.0,2,2,152.0
143.0,2,3,93.5
143.0,2,4,214.5
143.0,3,1,110.25
143.0,3,3,88.5
143.0,3,4,118.5
143.0,4,1,135.33333333333334
143.0,4,3,91.16666666666667
144.0,1,1,100.22222222222223
144.0,1,2,89.0
144.0,1,3,86.36363636363636
144.0,1,4,127.0
144.0,2,1,102.91666666666667
144.0,2,3,95.95833333333333
144.0,2,4,158.5
144.0,3,1,118.23076923076923
144.0,3,2,95.0
144.0,3,3,85.57142857142857
144.0,4,1,117.35714285714286
144.0,4,3,88.28571428571429
144.0,4,4,154.25
145.0,1,1,112.53846153846153
145.0,1,3,89.27272727272727
145.0,1,4,133.0
145.0,2,1,116.55555555555556
145.0,2,3,103.0
145.0,2,4,118.0
145.0,3,1,102.66666666666667
145.0,3,3,89.52631578947368
145.0,3,4,95.5
145.0,4,1,113.71428571428571
145.0,4,3,88.95
145.0,4,4,151.66666666666666
146.0,1,1,99.55555555555556
146.0,1,3,98.73076923076923
146.0,1,4,154.33333333333334
146.0,2,1,118.4
146.0,2,3,94.54545454545455
146.0,2,4,145.0
146.0,3,1,105.85714285714286
146.0,3,3,93.5
146.0,4,1,105.0
146.0,4,3,111.17647058823529
146.0,4,4,271.0
147.0,1,1,113.5
147.0,1,3,94.875
147.0,1,4,118.0
147.0,2,1,106.33333333333333
147.0,2,3,101.16666666666667
147.0,2,4,85.0
147.0,3,1,112.4
147.0,3,3,99.93333333333334
147.0,4,1,105.71428571428571
147.0,4,3,98.0625
147.0,4,4,67.0
148.0,1,1,103.44444444444444
148.0,1,3,90.95
148.0,2,1,116.66666666666667
148.0,2,3,92.1304347826087
148.0,2,4,27.0
148.0,3,1,115.75
148.0,3,3,87.6875
148.0,3,4,126.0
148.0,4,1,103.5
148.0,4,2,173.0
148.0,4,3,95.91666666666667
148.0,4,4,48.0
149.0,1,1,78.0
149.0,1,3,95.85714285714286
149.0,2,1,121.125
149.0,2,3,104.55555555555556
149.0,3,1,101.85714285714286
149.0,3,3,91.52941176470588
149.0,4,1,116.33333333333333
149.0,4,2,244.0
149.0,4,3,89.0
149.0,4,4,88.0
150.0,1,1,100.33333333333333
150.0,1,2,224.0
150.0,1,3,89.0625
150.0,2,1,105.42857142857143
150.0,2,3,90.85714285714286
150.0,3,1,135.0
150.0,3,2,162.0
150.0,3,3,97.0
150.0,3,4,241.0
150.0,4,1,105.5
150.0,4,3,98.5
151.0,1,1,87.4
151.0,1,3,89.15789473684211
151.0,2,1,96.0
151.0,2,3,87.9
151.0,3,1,91.8
151.0,3,3,100.25
151.0,3,4,77.0
151.0,4,1,122.2
151.0,4,2,161.0
151.0,4,3,93.25
151.0,4,4,107.5
152.0,1,1,94.83333333333333
152.0,1,3,85.6470588235294
152.0,1,4,99.0
152.0,2,1,81.0
152.0,2,3,90.21428571428571
152.0,2,4,78.0
152.0,3,1,113.28571428571429
152.0,3,2,137.0
152.0,3,3,90.66666666666667
152.0,3,4,116.0
152.0,4,1,114.0
152.0,4,2,129.0
152.0,4,3,97.0
152.0,4,4,127.66666666666667
153.0,1,1,98.33333333333333
153.0,1,3,82.6
153.0,2,1,103.57142857142857
153.0,2,3,98.0
153.0,2,4,104.0
153.0,3,1,124.625
153.0,3,3,101.71428571428571
153.0,3,4,74.0
153.0,4,1,104.33333333333333
153.0,4,2,147.0
153.0,4,3,76.0
154.0,1,1,115.71428571428571
154.0,1,3,90.3076923076923
154.0,2,1,101.83333333333333
154.0,2,3,87.6875
154.0,3,1,101.6
154.0,3,3,99.375
154.0,3,4,82.5
154.0,4,1,118.5
154.0,4,3,90.29411764705883
154.0,4,4,192.0
155.0,1,1,104.11111111111111
155.0,1,3,86.18181818181819
155.0,1,4,84.5
155.0,2,1,116.5
155.0,2,3,86.92307692307692
155.0,2,4,60.0
155.0,3,1,88.83333333333333
155.0,3,3,99.94117647058823
155.0,4,1,111.0
155.0,4,3,101.0
156.0,1,1,116.28571428571429
156.0,1,3,96.5
156.0,1,4,173.0
156.0,2,1,97.0
156.0,2,3,89.66666666666667
156.0,3,1,114.16666666666667
156.0,3,3,96.61538461538461
156.0,3,4,91.0
156.0,4,1,108.55555555555556
156.0,4,3,91.0
156.0,4,4,134.0
157.0,1,1,96.4
157.0,1,2,71.0
157.0,1,3,89.5
157.0,1,4,34.0
157.0,2,1,91.0
157.0,2,3,95.5
157.0,3,1,128.25
157.0,3,3,96.58333333333333
157.0,4,1,180.0
157.0,4,3,92.88888888888889
157.0,4,4,61.0
158.0,1,1,101.85714285714286
158.0,1,3,82.36363636363636
158.0,1,4,70.0
158.0,2,1,93.5
158.0,2,3,89.16666666666667
158.0,2,4,88.5
158.0,3,1,88.66666666666667
158.0,3,3,106.6875
158.0,3,4,161.0
158.0,4,1,156.14285714285714
158.0,4,3,87.28571428571429
159.0,1,1,108.0
159.0,1,3,102.71428571428571
159.0,1,4,60.0
159.0,2,1,93.0
159.0,2,3,101.84615384615384
159.0,3,1,93.0
159.0,3,3,84.42857142857143
159.0,4,1,90.66666666666667
159.0,4,2,76.0
159.0,4,3,93.0
159.0,4,4,90.0
160.0,1,1,81.5
160.0,1,3,78.0
160.0,1,4,150.0
160.0,2,1,93.25
160.0,2,3,101.0
160.0,2,4,91.0
160.0,3,1,118.2
160.0,3,3,112.71428571428571
160.0,3,4,122.0
160.0,4,1,99.16666666666667
160.0,4,3,101.66666666666667
160.0,4,4,104.5
161.0,1,3,72.57142857142857
161.0,1,4,226.0
161.0,2,1,107.33333333333333
161.0,2,3,79.66666666666667
161.0,2,4,124.0
161.0,3,1,92.0
161.0,3,3,107.42857142857143
161.0,3,4,226.0
161.0,4,1,66.0
161.0,4,3,85.25
161.0,4,4,68.0
162.0,1,1,114.57142857142857
162.0,1,3,88.83333333333333
162.0,1,4,224.0
162.0,2,1,92.66666666666667
162.0,2,3,85.58333333333333
162.0,2,4,82.0
162.0,3,1,110.0
162.0,3,3,89.0
162.0,3,4,173.5
162.0,4,1,102.6
162.0,4,2,76.0
162.0,4,3,98.4375
162.0,4,4,182.0
163.0,1,1,122.5
163.0,1,3,81.72727272727273
163.0,1,4,93.0
163.0,2,1,142.0
163.0,2,3,86.2
163.0,3,1,92.5
163.0,3,3,92.5
163.0,3,4,51.0
163.0,4,1,83.25
163.0,4,3,94.61538461538461
164.0,1,1,119.4
164.0,1,3,105.6
164.0,2,1,112.0
164.0,2,3,101.16666666666667
164.0,3,1,127.25
164.0,3,3,91.9
164.0,3,4,106.5
164.0,4,1,130.75
164.0,4,3,89.25
165.0,1,1,108.5
165.0,1,3,91.25
165.0,1,4,132.5
165.0,2,3,95.9
165.0,3,1,119.66666666666667
165.0,3,2,65.0
165.0,3,3,92.3076923076923
165.0,4,1,111.0
165.0,4,3,71.42857142857143
165.0,4,4,66.0
166.0,1,1,101.0
166.0,1,3,107.25
166.0,1,4,90.0
166.0,2,1,115.5
166.0,2,3,87.33333333333333
166.0,2,4,98.0
166.0,3,1,98.6
166.0,3,3,92.07142857142857
166.0,3,4,103.5
166.0,4,1,86.33333333333333
166.0,4,3,94.75
167.0,1,1,96.0
167.0,1,2,123.0
167.0,1,3,106.0
167.0,2,1,121.0
167.0,2,3,100.75
167.0,3,3,91.5
167.0,3,4,111.0
167.0,4,1,106.25
167.0,4,2,123.0
167.0,4,3,85.85714285714286
167.0,4,4,165.0
168.0,1,1,120.16666666666667
168.0,1,3,97.5
168.0,1,4,118.0
168.0,2,1,99.4
168.0,2,3,97.11111111111111
168.0,2,4,79.0
168.0,3,1,96.0
168.0,3,3,88.16666666666667
168.0,3,4,74.5
168.0,4,1,89.8
168.0,4,3,88.22222222222223
168.0,4,4,143.0
169.0,1,1,97.5
169.0,1,2,94.0
169.0,1,3,77.25
169.0,2,1,108.5
169.0,2,3,93.85714285714286
169.0,2,4,113.0
169.0,3,1,105.0
169.0,3,3,88.75
169.0,3,4,114.0
169.0,4,1,100.11111111111111
169.0,4,3,84.1
169.0,4,4,119.0
170.0,1,1,110.75
170.0,1,2,93.0
170.0,1,3,89.75
170.0,1,4,153.0
170.0,2,1,109.66666666666667
170.0,2,3,97.75
170.0,3,1,101.125
170.0,3,3,88.55555555555556
170.0,3,4,97.0
170.0,4,1,112.125
170.0,4,2,100.0
170.0,4,3,96.375
171.0,1,1,109.2
171.0,1,3,114.0
171.0,2,1,70.0
171.0,2,3,88.25
171.0,3,1,100.66666666666667
171.0,3,3,70.0
171.0,3,4,161.0
171.0,4,3,100.33333333333333
172.0,1,1,116.2
172.0,1,3,100.6
172.0,1,4,200.5
172.0,2,1,90.83333333333333
172.0,2,3,92.2
172.0,3,1,119.0
172.0,3,3,93.3
172.0,4,1,86.5
172.0,4,3,94.5
172.0,4,4,138.0
173.0,1,1,34.5
173.0,1,3,111.66666666666667
173.0,1,4,84.5
173.0,2,1,80.0
173.0,2,2,134.0
173.0,2,3,114.66666666666667
173.0,3,1,80.0
173.0,3,3,100.66666666666667
173.0,3,4,119.0
173.0,4,1,117.2
173.0,4,3,105.57142857142857
174.0,1,1,115.85714285714286
174.0,1,3,95.77777777777777
174.0,2,1,100.16666666666667
174.0,2,3,86.8
174.0,3,1,98.0
174.0,3,3,106.5
174.0,4,1,116.5
174.0,4,3,102.66666666666667
175.0,1,1,119.5
175.0,1,3,131.0
175.0,1,4,68.0
175.0,2,1,115.5
175.0,2,3,82.28571428571429
175.0,3,1,87.5
175.0,3,3,84.33333333333333
175.0,4,1,113.8
175.0,4,3,103.75
175.0,4,4,134.0
176.0,1,1,104.33333333333333
176.0,1,3,101.16666666666667
176.0,1,4,122.0
176.0,2,1,112.0
176.0,2,3,89.88888888888889
176.0,3,1,99.25
176.0,3,3,97.125
176.0,4,1,83.75
176.0,4,3,84.0
176.0,4,4,121.0
177.0,1,1,123.4
177.0,1,3,104.8
177.0,1,4,112.0
177.0,2,1,101.33333333333333
177.0,2,3,86.0
177.0,2,4,212.0
177.0,3,1,101.66666666666667
177.0,3,3,66.8
177.0,3,4,183.0
177.0,4,1,57.0
177.0,4,3,101.125
178.0,1,1,128.33333333333334
178.0,1,3,88.5
178.0,1,4,83.0
178.0,2,1,70.0
178.0,2,3,90.5
178.0,2,4,115.0
178.0,3,1,119.2
178.0,3,3,92.75
178.0,3,4,108.5
178.0,4,1,120.66666666666667
178.0,4,3,101.77777777777777
179.0,1,1,92.85714285714286
179.0,1,3,93.0
179.0,1,4,126.0
179.0,2,1,96.0
179.0,2,3,95.75
179.0,3,1,102.5
179.0,3,3,99.75
179.0,3,4,257.0
179.0,4,1,83.5
179.0,4,3,91.875
179.0,4,4,79.0
180.0,1,1,54.5
180.0,1,3,78.66666666666667
180.0,2,1,107.5
180.0,2,3,102.0
180.0,3,1,84.5
180.0,3,3,90.5
180.0,3,4,150.0
180.0,4,1,81.5
180.0,4,3,112.14285714285714
181.0,1,1,94.0
181.0,1,3,88.57142857142857
181.0,1,4,151.5
181.0,2,1,154.5
181.0,2,2,116.0
181.0,2,3,74.0
181.0,2,4,115.0
181.0,3,1,129.0
181.0,3,3,117.0
181.0,3,4,136.5
181.0,4,1,112.0
181.0,4,3,88.0
181.0,4,4,106.0
182.0,1,1,89.33333333333333
182.0,1,3,98.0
182.0,2,1,110.66666666666667
182.0,2,3,104.5
182.0,2,4,85.0
182.0,3,1,114.0
182.0,3,3,69.5
182.0,4,1,106.0
182.0,4,2,64.0
182.0,4,3,147.0
183.0,1,1,64.0
183.0,1,3,88.55555555555556
183.0,2,1,90.0
183.0,2,3,87.33333333333333
183.0,2,4,136.0
183.0,3,1,95.0
183.0,3,3,96.2
183.0,4,1,84.0
183.0,4,3,92.8
184.0,1,1,94.5
184.0,1,3,88.0
184.0,2,1,151.0
184.0,2,3,76.83333333333333
184.0,2,4,130.0
184.0,3,1,108.0
184.0,3,3,105.5
184.0,4,1,74.33333333333333
184.0,4,3,81.4
185.0,1,1,62.0
185.0,1,3,96.33333333333333
185.0,2,3,96.6
185.0,3,1,73.0
185.0,3,3,87.83333333333333
185.0,4,1,116.2
185.0,4,3,87.66666666666667
185.0,4,4,132.0
186.0,1,1,108.0
186.0,1,3,88.8
186.0,2,1,101.83333333333333
186.0,2,3,91.8
186.0,3,1,147.0
186.0,3,3,85.4
186.0,3,4,84.0
186.0,4,1,109.25
186.0,4,3,85.0
187.0,1,1,73.5
187.0,1,3,81.0
187.0,2,1,74.5
187.0,2,3,87.75
187.0,3,1,108.0
187.0,3,3,82.0
187.0,4,1,108.0
187.0,4,3,108.0
188.0,1,1,60.0
188.0,1,3,99.4
188.0,1,4,118.0
188.0,2,1,98.5
188.0,2,3,93.0
188.0,2,4,94.33333333333333
188.0,3,1,98.5
188.0,3,3,69.42857142857143
188.0,3,4,70.0
188.0,4,3,84.5
189.0,1,1,197.0
189.0,1,3,97.85714285714286
189.0,2,3,82.0
189.0,3,1,82.5
189.0,3,3,92.33333333333333
189.0,4,1,103.5
189.0,4,3,82.0
190.0,1,1,103.8
190.0,1,3,87.5
190.0,1,4,98.0
190.0,2,1,103.5
190.0,2,3,98.0
190.0,2,4,123.5
190.0,3,1,129.0
190.0,3,3,95.875
190.0,4,1,118.5
190.0,4,3,83.4
190.0,4,4,81.0
191.0,1,1,83.33333333333333
191.0,1,3,57.75
191.0,2,1,129.33333333333334
191.0,2,3,105.33333333333333
191.0,3,1,77.0
191.0,3,3,87.66666666666667
191.0,4,1,78.0
191.0,4,3,106.0
192.0,1,1,70.5
192.0,1,3,78.25
192.0,2,3,86.16666666666667
192.0,3,1,91.0
192.0,3,3,109.33333333333333
192.0,3,4,87.5
192.0,4,1,86.5
192.0,4,3,81.6
192.0,4,4,192.0
193.0,1,1,159.0
193.0,1,3,78.66666666666667
193.0,2,3,87.28571428571429
193.0,3,1,91.0
193.0,3,2,71.0
193.0,3,3,103.0
193.0,4,1,108.0
193.0,4,3,81.6
193.0,4,4,103.0
194.0,1,1,108.33333333333333
194.0,1,3,91.5
194.0,2,1,67.0
194.0,2,3,80.0
194.0,3,1,87.33333333333333
194.0,3,3,83.0
194.0,3,4,101.0
194.0,4,1,126.0
195.0,1,1,98.0
195.0,1,3,84.5
195.0,2,1,90.5
195.0,2,3,92.33333333333333
195.0,3,1,108.0
195.0,3,3,90.5
195.0,3,4,80.0
195.0,4,1,137.0
195.0,4,2,36.0
195.0,4,3,46.0
196.0,1,1,69.0
196.0,1,3,100.57142857142857
196.0,2,3,88.0
196.0,3,1,88.0
196.0,3,3,91.83333333333333
196.0,4,1,114.0
196.0,4,3,84.4
197.0,1,1,64.0
197.0,1,2,93.0
197.0,1,3,90.75
197.0,1,4,150.0
197.0,2,1,109.66666666666667
197.0,2,3,67.0
197.0,3,1,114.5
197.0,3,3,74.0
197.0,4,1,121.0
197.0,4,2,119.0
197.0,4,3,76.33333333333333
198.0,1,1,85.8
198.0,1,3,82.75
198.0,2,3,161.66666666666666
198.0,3,1,62.0
198.0,3,2,45.0
198.0,3,3,93.5
198.0,4,1,111.0
198.0,4,3,88.66666666666667
199.0,1,1,83.5
199.0,1,3,75.0
199.0,1,4,135.0
199.0,2,1,128.5
199.0,2,3,112.0
199.0,3,3,88.66666666666667
199.0,4,1,86.0
199.0,4,3,105.25
200.0,1,1,122.5
200.0,1,3,70.8
200.0,2,1,117.0
200.0,2,3,106.5
200.0,3,1,70.33333333333333
200.0,3,3,100.0
200.0,4,3,105.5
201.0,1,1,88.5
201.0,1,2,133.0
201.0,1,3,105.6
201.0,1,4,123.0
201.0,2,1,86.25
201.0,2,3,90.6
201.0,3,1,91.0
201.0,3,3,93.2
201.0,4,1,108.33333333333333
201.0,4,2,133.0
201.0,4,3,112.33333333333333
202.0,1,2,110.0
202.0,1,3,79.625
202.0,2,1,94.0
202.0,2,3,73.0
202.0,2,4,91.0
202.0,3,1,60.0
202.0,3,3,69.66666666666667
202.0,3,4,82.0
202.0,4,1,68.66666666666667
202.0,4,3,99.5
202.0,4,4,144.0
203.0,1,3,89.25
203.0,1,4,137.0
203.0,2,1,91.5
203.0,2,3,90.0
203.0,3,1,105.75
203.0,3,3,81.8
203.0,4,1,82.0
203.0,4,2,60.0
203.0,4,3,71.0
203.0,4,4,139.0
204.0,1,1,125.0
204.0,1,3,101.0
204.0,1,4,97.0
204.0,2,1,98.66666666666667
204.0,2,3,84.0
204.0,3,1,69.0
204.0,3,3,67.66666666666667
204.0,4,1,110.66666666666667
204.0,4,3,137.0
205.0,1,1,62.5
205.0,1,3,76.0
205.0,2,1,78.5
205.0,2,3,99.75
205.0,2,4,93.0
205.0,3,3,95.16666666666667
205.0,4,1,95.0
205.0,4,3,100.33333333333333
206.0,1,1,83.0
206.0,1,3,85.25
206.0,1,4,124.0
206.0,2,1,79.0
206.0,2,3,78.25
206.0,3,1,75.0
206.0,3,3,94.0
206.0,3,4,132.0
206.0,4,1,78.0
206.0,4,3,102.5
207.0,1,1,80.5
207.0,1,3,102.0
207.0,1,4,99.0
207.0,2,3,99.0
207.0,2,4,85.0
207.0,3,1,104.5
207.0,3,3,84.33333333333333
207.0,4,1,85.5
207.0,4,3,83.5
208.0,1,1,76.0
208.0,1,3,77.0
208.0,2,1,150.0
208.0,3,1,119.0
208.0,3,3,113.66666666666667
208.0,4,1,79.0
208.0,4,3,155.0
209.0,1,3,83.0
209.0,3,3,69.5
209.0,4,1,121.0
209.0,4,3,75.66666666666667
210.0,1,1,123.0
210.0,1,3,93.57142857142857
210.0,2,1,102.6
210.0,2,3,90.5
210.0,3,1,88.66666666666667
210.0,3,3,76.0
210.0,4,1,106.0
210.0,4,3,75.75
211.0,1,1,92.0
211.0,1,3,90.25
211.0,1,4,64.0
211.0,2,3,79.0
211.0,2,4,93.0
211.0,3,2,139.0
211.0,3,3,76.75
211.0,4,3,76.0
211.0,4,4,102.0
212.0,1,1,91.0
212.0,1,3,61.5
212.0,2,1,80.0
212.0,2,3,80.5
212.0,3,1,78.0
212.0,3,3,72.0
212.0,4,1,91.0
212.0,4,3,99.66666666666667
213.0,1,1,70.0
213.0,1,3,80.66666666666667
213.0,2,1,105.5
213.0,2,3,99.4
213.0,3,3,96.66666666666667
213.0,4,1,88.0
213.0,4,3,74.0
214.0,1,1,125.0
214.0,1,3,89.33333333333333
214.0,2,3,80.33333333333333
214.0,3,1,131.0
214.0,4,1,79.5
214.0,4,3,100.66666666666667
215.0,1,3,93.33333333333333
215.0,2,3,102.2
215.0,3,1,100.0
215.0,3,3,77.0
215.0,4,1,125.0
215.0,4,4,75.0
216.0,1,4,124.0
216.0,2,1,101.0
216.0,2,3,95.0
216.0,3,1,85.0
216.0,3,3,100.75
216.0,4,1,114.0
216.0,4,3,82.0
217.0,1,1,120.0
217.0,1,3,87.5
217.0,2,1,134.0
217.0,2,3,109.0
217.0,3,1,102.75
217.0,3,3,99.25
217.0,4,3,53.0
217.0,4,4,205.0
218.0,1,3,95.0
218.0,2,1,108.0
218.0,2,3,141.5
218.0,3,3,66.0
218.0,3,4,73.0
218.0,4,1,103.0
218.0,4,3,108.0
219.0,1,1,17.0
219.0,1,3,99.75
219.0,1,4,37.0
219.0,2,1,92.5
219.0,2,3,85.66666666666667
219.0,3,1,123.0
219.0,4,3,85.33333333333333
220.0,1,1,89.5
220.0,1,3,77.0
220.0,2,1,72.0
220.0,2,3,75.0
220.0,3,1,154.5
220.0,3,3,112.5
220.0,4,2,129.0
220.0,4,3,81.5
221.0,1,3,85.66666666666667
221.0,2,1,76.0
221.0,3,1,81.0
221.0,3,3,94.0
221.0,4,3,82.0
222.0,1,1,112.5
222.0,1,3,98.66666666666667
222.0,2,1,88.0
222.0,2,3,84.0
222.0,3,3,93.5
222.0,4,1,103.0
222.0,4,3,61.0
222.0,4,4,133.0
223.0,1,3,87.0
223.0,2,1,52.0
223.0,2,3,124.0
223.0,3,1,94.0
223.0,3,3,64.5
223.0,3,4,125.0
223.0,4,1,96.0
223.0,4,3,79.0
223.0,4,4,122.0
224.0,1,1,59.0
224.0,1,3,91.5
224.0,2,3,81.0
224.0,2,4,149.33333333333334
224.0,3,1,84.0
224.0,3,3,106.14285714285714
224.0,4,1,73.0
224.0,4,3,118.0
225.0,1,1,99.5
225.0,1,3,74.66666666666667
225.0,2,2,114.0
225.0,2,3,95.0
225.0,2,4,122.0
225.0,3,1,91.0
225.0,3,3,129.0
225.0,3,4,64.5
225.0,4,3,77.0
226.0,2,1,151.0
226.0,2,3,83.5
226.0,3,1,136.0
226.0,3,3,78.5
226.0,4,1,111.0
226.0,4,3,66.0
226.0,4,4,138.0
227.0,1,3,97.0
227.0,3,3,80.66666666666667
227.0,4,3,133.0
228.0,1,1,91.0
228.0,1,4,104.0
228.0,2,1,77.66666666666667
228.0,3,1,123.6
228.0,3,3,116.0
228.0,4,3,65.4
229.0,1,1,105.0
229.0,1,4,61.0
229.0,2,4,145.5
229.0,3,1,68.5
229.0,3,3,106.0
229.0,4,1,107.0
229.0,4,3,61.0
230.0,1,1,67.5
230.0,1,3,91.25
230.0,2,1,155.0
230.0,2,3,69.0
230.0,3,3,97.0
230.0,4,1,57.5
230.0,4,3,92.0
230.0,4,4,104.0
231.0,2,1,94.0
231.0,2,3,100.6
231.0,3,1,95.0
231.0,3,3,115.0
231.0,4,3,132.0
232.0,1,1,75.66666666666667
232.0,1,3,77.33333333333333
232.0,2,1,96.0
232.0,2,3,106.0
232.0,3,1,72.5
232.0,3,3,132.0
232.0,4,3,70.33333333333333
232.0,4,4,113.0
233.0,1,1,76.0
233.0,2,1,112.0
233.0,2,3,100.0
233.0,4,1,94.33333333333333
233.0,4,3,74.0
234.0,1,3,80.66666666666667
234.0,2,3,78.0
234.0,3,1,169.0
234.0,3,3,87.0
234.0,4,1,82.66666666666667
234.0,4,3,87.0
